	tconst	Box office max	genres
0	tt0439572	2713000000.0	Action
1	tt0870154	2209000000.0	Adventure
2	tt0920462	83257.0	Fantasy
3	tt0983946	49000000.0	Action
4	tt0993840	1000000.0	Adventure
5	tt0995854	67000000.0	Comedy
6	tt10003008	43000000.0	Drama
7	tt1001520	218000000.0	Thriller
8	tt10976066	36000000.0	Fantasy
9	tt10980638	787280.0	Horror
10	tt10986222	45000000.0	Mystery
11	tt10993566	2663916.0	Action
12	tt11007444	19000000.0	Crime
13	tt11027510	203.0	Drama
14	tt11027850	182.0	Drama
15	tt11032374	5071000000.0	Romance
16	tt11057302	1003000000.0	War
17	tt11068094	23000000.0	Drama
18	tt11075264	5052.0	Horror
19	tt11083552	104000000.0	Mystery
20	tt11083552	104000000.0	Fantasy
21	tt11084896	427000000.0	Horror
22	tt11102214	2070871.0	Drama
23	tt11125620	120000000.0	Musical
24	tt11125620	120000000.0	Romance
25	tt11128440	47000000.0	Adventure
26	tt11132342	3000000.0	Crime
27	tt11136276	74701.0	Drama
28	tt11136276	74701.0	Drama
29	tt11136276	74701.0	Comedy
30	tt11136454	235261.0	Crime
31	tt11138512	696000000.0	Biography
32	tt11140488	266963.0	Drama
33	tt11145118	2753000000.0	Action
34	tt11152168	199000000.0	Adventure
35	tt11186586	250000.0	Drama
36	tt11190652	29000000.0	Thriller
37	tt11198810	139000000.0	Action
38	tt11209212	725952.0	Adventure
39	tt11210390	465000000.0	Animation
40	tt11214590	1662000000.0	Action
41	tt11224358	24138.0	Adventure
42	tt11242218	2131000000.0	Sci-Fi
43	tt11242654	509000.0	Adventure
44	tt11271038	333000000.0	Biography
45	tt11279796	250000.0	Drama
46	tt11281192	366000000.0	Action
47	tt11283984	34000000.0	Comedy
48	tt11286314	791863.0	Drama
49	tt11291274	291000000.0	Action
50	tt11304740	2549000000.0	Crime
51	tt11310380	263000.0	Thriller
52	tt11310884	590416.0	Action
53	tt11313944	8332.0	Crime
54	tt11317142	349271.0	Thriller
55	tt11317774	2269000000.0	Adventure
56	tt11333488	52285.0	Animation
57	tt11338144	66000000.0	Comedy
58	tt11338144	66000000.0	Comedy
59	tt11341742	302000000.0	Sci-Fi
60	tt11349638	5000000.0	Short
61	tt11350068	15000000.0	Adventure
62	tt11358166	53222.0	Animation
63	tt11358390	269000000.0	Comedy
64	tt11358398	347000000.0	Adventure
65	tt11359120	45.0	Animation
66	tt11363540	179000000.0	Comedy
67	tt11380884	4689.0	Comedy
68	tt11383960	34000000.0	Drama
69	tt11390180	1176000000000.0	Comedy
70	tt11394158	105908.0	Drama
71	tt11405250	1011000000.0	Drama
72	tt11405250	1011000000.0	Thriller
73	tt11422728	37000000.0	Drama
74	tt11432356	2131000000.0	Thriller
75	tt11433696	21.0	Drama
76	tt11459366	1634000000.0	Thriller
77	tt11460816	72731.0	Drama
78	tt11464446	428000000.0	Action
79	tt11464826	595000000.0	Adventure
80	tt11466222	805000000.0	Drama
81	tt11478150	94000000.0	Comedy
82	tt11486994	601000000.0	Horror
83	tt11490170	11.0	Mystery
84	tt11496264	37000000.0	Action
85	tt11502856	192000000.0	Drama
86	tt11512676	1822000000.0	Sport
87	tt11517944	1190416.0	Comedy
88	tt11535228	214000000.0	Drama
89	tt11540284	8362.0	Family
90	tt11543916	44.0	Crime
91	tt11547520	117000000.0	Comedy
92	tt11552344	470000.0	Drama
93	tt11562006	31000000.0	Drama
94	tt11562006	31000000.0	History
95	tt11562006	31000000.0	Crime
96	tt11562006	31000000.0	Drama
97	tt11562006	31000000.0	Horror
98	tt11562006	31000000.0	Adventure
99	tt11562006	31000000.0	Comedy
100	tt11564570	15000000.0	Family
101	tt11566164	8357581.0	Biography
102	tt11569456	11000000.0	Crime
103	tt11571408	1011000000.0	Drama
104	tt11575056	106645.0	Documentary
105	tt11576698	103000000.0	Drama
106	tt11580630	166749.0	Horror
107	tt11580944	551.0	Mystery
108	tt11586384	16781408.0	Animation
109	tt11589586	11864.0	Drama
110	tt11591848	29000000.0	History
112	tt11608184	7235.0	Drama
113	tt11611064	242623.0	Romance
114	tt11618536	18370.0	Drama
115	tt11620774	216000000.0	Short
116	tt11626842	471000000.0	Drama
117	tt11636880	958440.0	Romance
118	tt11639052	25000000.0	Documentary
119	tt11639420	67000000.0	Short
120	tt11639942	269823.0	Comedy
121	tt11646788	501000000.0	Drama
122	tt11649614	176000000.0	Sci-Fi
123	tt11650404	206000000.0	Action
124	tt11651550	483000000.0	Comedy
125	tt11654030	58000000.0	Crime
126	tt11654032	0.0	Adventure
127	tt11655202	7957296.0	Animation
128	tt11661552	17000000.0	Comedy
129	tt11663228	607650.0	Documentary
130	tt11680920	118000000.0	Horror
131	tt11681250	2053000000.0	Drama
132	tt11692070	12000000.0	Romance
133	tt11695514	30000000.0	Comedy
134	tt11697484	12604.0	Drama
135	tt11700260	47000000.0	Romance
136	tt11701810	117516.0	Short
137	tt11703244	186000000.0	Drama
138	tt11703710	927000000.0	Horror
139	tt11714318	712000000.0	Mystery
140	tt11720440	100.0	Crime
141	tt11724220	68798.0	Drama
142	tt11729298	265000000.0	Crime
143	tt11733790	3000000.0	Drama
144	tt11738830	37539.0	Documentary
145	tt11749214	142000000.0	Sci-Fi
146	tt11750282	4672000000.0	Drama
147	tt11762434	349757.0	Crime
148	tt11768456	255000000.0	Mystery
149	tt11771230	218000000.0	Romance
150	tt11772054	132000000.0	Documentary
151	tt11772054	132000000.0	Action
152	tt11772420	19000000.0	Comedy
153	tt11773378	20020.0	Fantasy
154	tt11777040	134000000.0	Drama
155	tt11779616	28000000.0	History
156	tt11788650	13111833000000.0	Thriller
157	tt11799110	202000000.0	Documentary
158	tt11802992	536023.0	Comedy
159	tt11804152	418807.0	Drama
160	tt11807968	114000000.0	Drama
161	tt11809028	123000000.0	Music
162	tt11810050	15.0	Romance
163	tt11813216	523000000.0	Drama
164	tt11813216	523000000.0	Short
165	tt11816092	44000000.0	Adventure
166	tt11829884	1132000000.0	Fantasy
167	tt11832046	1514000000.0	Drama
168	tt11837558	24000000.0	Documentary
169	tt11840016	87000000.0	Documentary
170	tt11844812	13493.0	Documentary
171	tt11847024	11.0	History
172	tt11851548	44000000.0	Music
173	tt11853512	11000000.0	Family
174	tt11860854	151000000.0	Comedy
175	tt11867812	55000000.0	Drama
176	tt11871074	1164.0	Romance
177	tt11873440	3513.0	Biography
178	tt11874226	275304.0	Comedy
179	tt11891850	2428000000.0	Crime
180	tt11891850	2428000000.0	Comedy
181	tt11891850	2428000000.0	Fantasy
182	tt11891850	2428000000.0	Musical
183	tt11905962	354023.0	Drama
184	tt11940290	325070.0	Romance
185	tt11947048	32000000.0	Documentary
186	tt11947048	32000000.0	Drama
187	tt11947048	32000000.0	Action
188	tt11952606	131000000.0	Comedy
189	tt11958368	791863.0	Documentary
190	tt11992694	31000000.0	Drama
191	tt11992694	31000000.0	Horror
192	tt11992694	31000000.0	Thriller
193	tt11992694	31000000.0	Action
194	tt12003946	766000000.0	Crime
195	tt12004038	32000000.0	Drama
196	tt12004038	32000000.0	Documentary
197	tt12004038	32000000.0	Drama
198	tt12078076	38.0	Documentary
199	tt12156272	111000000.0	Short
200	tt12193804	598000000.0	Comedy
201	tt12221818	4853000000.0	Short
202	tt12226632	6000000.0	Action
203	tt12261776	607000000.0	Drama
204	tt12264966	59000000.0	Thriller
205	tt12264966	59000000.0	Comedy
206	tt12337854	63000000.0	Family
207	tt12354886	900000000.0	Horror
208	tt12412888	4054000000.0	Thriller
209	tt12412888	4054000000.0	Biography
210	tt12422308	230.0	Drama
211	tt12427766	39000000.0	War
212	tt12444942	346899.0	Crime
213	tt12444942	346899.0	Drama
214	tt12479248	86000000.0	Mystery
215	tt12479248	86000000.0	Drama
216	tt12484708	2549000000.0	Short
217	tt12487826	443807.0	Drama
218	tt12519030	659009.0	Short
219	tt12519206	25488.0	Drama
220	tt12532368	10885116.0	Short
221	tt12532368	10885116.0	Drama
222	tt12536294	252000000.0	Short
223	tt12536294	252000000.0	Drama
224	tt12536294	252000000.0	Short
225	tt12536294	252000000.0	Drama
226	tt12549474	182.0	Short
227	tt12593682	2393000000.0	Drama
228	tt12598910	1670000000.0	Short
229	tt12664618	188000000.0	Comedy
230	tt12672536	35000000.0	Crime
231	tt12672536	35000000.0	Drama
232	tt12672536	35000000.0	Comedy
233	tt12672536	35000000.0	Comedy
234	tt12672620	216000000.0	Drama
235	tt12672620	216000000.0	Drama
236	tt12672620	216000000.0	Drama
237	tt12672620	216000000.0	Drama
238	tt12718300	656613.0	Drama
239	tt12740382	32000000.0	Short
240	tt12740382	32000000.0	Action
241	tt12740382	32000000.0	Drama
242	tt12749596	443807.0	Sport
243	tt12789558	49000000.0	Drama
244	tt12794388	126068.0	Fantasy
245	tt12794388	126068.0	Horror
246	tt12794388	126068.0	Drama
247	tt12825098	2549000000.0	Short
248	tt12847812	22000000.0	Drama
249	tt12861850	4123.0	Short
250	tt12889404	64000000.0	Drama
251	tt12889404	64000000.0	Short
252	tt12889404	64000000.0	Comedy
253	tt12915716	354.0	Drama
254	tt12921446	137000000.0	Comedy
255	tt13061914	346899.0	Drama
256	tt13061914	346899.0	Romance
257	tt13061966	11057.0	Comedy
258	tt13097336	74441.0	Short
259	tt13105824	32120000.0	Drama
260	tt13106218	11.0	Short
261	tt13108386	32000000.0	Action
262	tt13108386	32000000.0	Thriller
263	tt13108386	32000000.0	Drama
264	tt13130760	11.0	Action
265	tt13130948	4743.0	Adventure
266	tt13131636	1936.0	Animation
267	tt13133408	49000000.0	Drama
268	tt13210170	734000000.0	Romance
269	tt1321510	452000000.0	Short
270	tt13238346	387000000.0	Action
271	tt13269580	19000000.0	Comedy
272	tt13310238	2549000000.0	Comedy
273	tt13321244	49000000.0	Crime
274	tt13328732	12000000.0	Drama
275	tt13328902	4853000000.0	Thriller
276	tt13345606	147000000.0	Documentary
277	tt13349892	428000000.0	Short
278	tt13352968	98000000.0	Animation
279	tt13352968	98000000.0	Action
280	tt13369990	40.0	Comedy
281	tt13375076	77000000.0	Drama
282	tt13375076	77000000.0	Documentary
283	tt13375076	77000000.0	History
284	tt13391708	497028.0	Action
285	tt13405778	1891000000.0	Comedy
286	tt13429870	36000000.0	Crime
287	tt13439102	2549000000.0	Drama
288	tt13453006	23000000.0	Musical
289	tt13482806	1000000.0	Comedy
290	tt13482806	1000000.0	Drama
291	tt13491088	29000000.0	Family
292	tt13495458	406644.0	Drama
293	tt13496236	121967.0	Family
294	tt13521006	115000000.0	Documentary
295	tt13528122	140272.0	Short
296	tt13540870	445000000.0	Action
297	tt13606158	2046000000000.0	Drama
298	tt13612186	478000000.0	Comedy
299	tt13612186	478000000.0	Drama
300	tt13612186	478000000.0	Documentary
301	tt13612186	478000000.0	Comedy
302	tt13645322	135.0	Horror
303	tt13651794	5000000.0	Thriller
304	tt13654122	45.0	Drama
305	tt13655120	66000000.0	Romance
306	tt13664684	11787.0	Short
307	tt13700900	597576.0	Comedy
308	tt13729232	12000000.0	Drama
309	tt13751210	2549000000.0	Romance
310	tt13769630	2196000000000.0	Documentary
311	tt13795334	4853000000.0	Short
312	tt13830296	11000000.0	Biography
313	tt13848804	78000000.0	Drama
314	tt13872598	346899.0	Sport
315	tt13872598	346899.0	Biography
316	tt13885428	17.0	Documentary
317	tt13925862	20000000000.0	Romance
318	tt13932162	12000000.0	Comedy
319	tt13932162	12000000.0	Drama
320	tt13932844	12000.0	Mystery
321	tt13943594	217000000.0	Short
322	tt13943594	217000000.0	Adventure
323	tt13943594	217000000.0	Drama
324	tt13957560	207000000.0	Horror
325	tt14039582	154000000.0	Action
326	tt14060094	16000000.0	Sci-Fi
327	tt14060094	16000000.0	Documentary
328	tt14099796	856000000.0	Short
329	tt14140676	428000000.0	Short
330	tt14162174	4853000000.0	Short
331	tt14166428	190250.0	Crime
332	tt14182646	85.0	Documentary
333	tt14208870	456000000.0	Action
334	tt14209916	90000000.0	Drama
335	tt14225838	7000000.0	Action
336	tt14225838	7000000.0	Crime
337	tt14225838	7000000.0	Drama
338	tt14230388	54000000.0	Drama
339	tt14230458	1172000000.0	Mystery
340	tt14230458	1172000000.0	Thriller
341	tt14230458	1172000000.0	Animation
342	tt14275050	281448.0	Short
343	tt14275050	281448.0	Action
344	tt14275050	281448.0	Thriller
345	tt14275050	281448.0	Animation
346	tt14280366	33000000.0	Drama
347	tt14299798	354023.0	Music
348	tt14330236	27000000.0	Thriller
349	tt14351082	202000000.0	Comedy
350	tt14362112	2096000000.0	Drama
351	tt14370462	66000000.0	Short
352	tt14370462	66000000.0	Drama
353	tt14371244	81000000.0	Short
354	tt14411774	85.0	Sport
355	tt14412366	98616.0	Comedy
356	tt14439896	218000000.0	Drama
357	tt14506102	450000.0	Comedy
358	tt14524640	615042.0	Drama
359	tt14534796	67000000.0	Comedy
360	tt14539740	5229000000.0	Comedy
361	tt14547524	475488.0	Action
362	tt14555754	346899.0	Adventure
363	tt14555754	346899.0	Animation
364	tt14564000	1715.0	Comedy
365	tt14576890	4853000000.0	Documentary
366	tt1462764	384000000.0	Horror
367	tt1464335	4071000000.0	Horror
368	tt14647404	352093.0	Short
369	tt14647404	352093.0	Crime
370	tt14648872	6000000.0	Drama
371	tt14668630	111000000.0	Horror
372	tt14771544	11.0	Action
373	tt14810692	299000000.0	Drama
374	tt14812238	85.0	Comedy
375	tt14818102	2549000000.0	Romance
376	tt14846026	143000000.0	Short
377	tt14849194	446000000.0	Short
378	tt14860210	85000000.0	Drama
379	tt14860210	85000000.0	Action
380	tt14878420	88081.0	Comedy
381	tt1488589	109846.0	Crime
382	tt1488589	109846.0	Documentary
383	tt14888266	6466.0	Music
384	tt14941222	131000000.0	Musical
385	tt14941698	328000000.0	Comedy
386	tt14993250	35561.0	Drama
387	tt15003736	2713000000.0	Comedy
388	tt15009428	962000000.0	Drama
389	tt15009428	962000000.0	Comedy
390	tt1502397	4265000000.0	Drama
391	tt15078804	25000000.0	Comedy
392	tt15078854	66.0	Drama
393	tt15090124	325042.0	Drama
394	tt15096796	67000000.0	Horror
395	tt15120152	173000000.0	Mystery
396	tt15144140	967000000.0	Drama
397	tt15150424	91470900.0	Short
398	tt15163652	190250.0	Horror
399	tt1517268	1446000000000.0	Short
400	tt1517268	1446000000000.0	Horror
401	tt15220110	876000000.0	Short
402	tt15239678	7051000000.0	Horror
403	tt15246038	6466.0	Short
404	tt15255876	22000000.0	Comedy
405	tt15281402	22570.0	Horror
406	tt15327088	400450.0	Short
407	tt15342244	14000000.0	Biography
408	tt15389042	2469000.0	Drama
409	tt15389042	2469000.0	History
410	tt15398776	9748000000.0	Biography
411	tt15398776	9748000000.0	Drama
412	tt15433754	475.0	History
413	tt15433956	330.0	Biography
414	tt15441054	69108.0	Drama
415	tt15504128	1446000000000.0	History
416	tt15504128	1446000000000.0	Biography
417	tt15516174	4454.0	Drama
418	tt15575470	39000000.0	History
419	tt15679400	548000000.0	Action
420	tt15783544	3000000.0	Comedy
421	tt15816190	231.0	Thriller
422	tt15816336	539.0	Drama
423	tt15837338	2022000000.0	Horror
424	tt15839462	11.0	Thriller
425	tt15847548	181000000.0	Drama
426	tt15939798	1446000000000.0	Horror
427	tt15939798	1446000000000.0	Thriller
428	tt1596557	11000000.0	Drama
429	tt16026684	2264000000.0	Horror
430	tt16280138	571000000.0	Thriller
431	tt1630029	2320000000000.0	Action
432	tt1634106	373000000.0	Fantasy
433	tt16392952	66000000.0	Short
434	tt16392952	66000000.0	Biography
435	tt16402818	32346.0	Drama
436	tt16426418	346000000.0	Music
437	tt16463406	443807.0	Drama
438	tt16495558	4853000000.0	Short
439	tt16606810	85.0	Biography
440	tt16673724	49000000.0	Drama
441	tt16731908	66000000.0	Sport
442	tt16731908	66000000.0	Action
443	tt16751740	17.0	Adventure
444	tt16756942	25000000.0	Drama
445	tt16915972	193000000.0	Biography
446	tt1697800	31395.0	Drama
447	tt17009710	355000000.0	Thriller
448	tt17024450	1911000000.0	Biography
449	tt17081130	160331000000.0	Drama
450	tt17164540	65.0	Thriller
451	tt17277414	138000000.0	Drama
452	tt17277414	138000000.0	Thriller
453	tt17277414	138000000.0	Animation
454	tt17279496	931000000.0	Drama
455	tt17279496	931000000.0	Horror
456	tt1745960	1496000000000.0	Action
457	tt17491040	103000000.0	Adventure
458	tt17491616	6000000.0	Comedy
459	tt17527468	136000000.0	Action
460	tt17541454	182.0	Adventure
461	tt17663992	1691000000.0	Comedy
462	tt18072376	254000000000.0	Action
463	tt18079362	404000000.0	Drama
464	tt18286194	87000000.0	Horror
465	tt18317482	39000000.0	Short
466	tt1838556	326000000.0	Drama
467	tt18550182	686683.0	Short
468	tt18550182	686683.0	Drama
469	tt18550182	686683.0	Short
470	tt18557856	2000000.0	Drama
471	tt18557856	2000000.0	Short
472	tt18557856	2000000.0	Drama
473	tt18557856	2000000.0	Short
474	tt18557856	2000000.0	Crime
475	tt18557856	2000000.0	Drama
476	tt1856080	554000000.0	Sci-Fi
477	tt18561736	565.0	Short
478	tt1877830	7722000000.0	Drama
479	tt1879016	157000000.0	Fantasy
480	tt1879016	157000000.0	Horror
481	tt18966752	43563.0	Short
482	tt18968540	57000000.0	Thriller
483	tt1924245	165000000.0	Adventure
484	tt19365538	5.0	Animation
485	tt19623240	52000000.0	Comedy
486	tt19712392	11.0	Adventure
487	tt19844000	189000000.0	Animation
488	tt19844000	189000000.0	Comedy
489	tt19864472	54756.0	Biography
490	tt19864472	54756.0	Drama
491	tt19864472	54756.0	Biography
492	tt19864802	65000000.0	Drama
493	tt19879660	2258.0	Biography
494	tt19880808	4853000000.0	Drama
495	tt19890316	34000000.0	Biography
496	tt20168564	126000000.0	Drama
497	tt20203920	66000000.0	Comedy
498	tt20203920	66000000.0	Drama
499	tt20225374	1576000000.0	Horror
500	tt20225374	1576000000.0	Action
501	tt20225374	1576000000.0	Comedy
502	tt20234774	238000000.0	Thriller
503	tt20242416	52.0	Adventure
504	tt20251542	31108.0	Horror
505	tt20259704	638000000.0	Action
506	tt20330434	104000000.0	Comedy
507	tt20415200	269000000.0	Drama
508	tt20600384	848834.0	Action
509	tt20600384	848834.0	Adventure
510	tt20766074	25000000.0	History
511	tt2076822	271000000.0	Action
512	tt20768712	291000000.0	Adventure
513	tt20771612	5000000.0	History
514	tt20851874	325070.0	Action
515	tt20854842	75.0	Adventure
516	tt20866724	387000000.0	History
517	tt21027780	86000000.0	Action
518	tt21027780	86000000.0	Adventure
519	tt21040278	266770.0	History
520	tt21048798	11.0	Action
521	tt21052430	2549000000.0	Adventure
522	tt21054472	783801.0	History
523	tt21064584	451000000.0	Action
524	tt21064584	451000000.0	Adventure
525	tt21109538	557000000.0	History
526	tt21148018	6346000000.0	Action
527	tt21158466	607650.0	Adventure
528	tt21160106	234000000.0	History
529	tt21188080	99000000.0	Action
530	tt21201544	518000.0	Adventure
531	tt21201544	518000.0	History
532	tt21201544	518000.0	Comedy
533	tt21201544	518000.0	Crime
534	tt21201544	518000.0	Mystery
535	tt21235248	1951000000.0	Short
536	tt21291998	12000000.0	Thriller
537	tt21307994	21000000.0	Short
538	tt21374324	409000000.0	Thriller
539	tt21383812	15291.0	Short
540	tt2140571	48000000.0	Thriller
541	tt2140571	48000000.0	Horror
542	tt21626284	2165.0	Mystery
543	tt21692408	520000000.0	Biography
544	tt21800162	441000000.0	Drama
545	tt21807222	1118000000.0	Romance
546	tt21828496	424548.0	Drama
547	tt21840706	443807.0	Fantasy
548	tt21857476	518000.0	Short
549	tt21857476	518000.0	Drama
550	tt21857476	518000.0	Fantasy
551	tt21857476	518000.0	Short
552	tt21857476	518000.0	Drama
553	tt21867370	563000000.0	Fantasy
554	tt21867434	29000000.0	Short
555	tt21867590	43000000.0	Horror
556	tt21953638	188000000.0	Short
557	tt21973492	15291.0	Drama
558	tt21973570	2549000000.0	Comedy
559	tt21994228	518000.0	Crime
560	tt21994228	518000.0	Drama
561	tt21994228	518000.0	Drama
562	tt21994228	518000.0	Musical
563	tt21994228	518000.0	Romance
564	tt22004344	455708.0	Drama
565	tt22027654	50.0	Musical
566	tt22030458	111000000.0	Romance
567	tt22037066	53.0	Drama
568	tt22041854	329000000.0	Musical
569	tt22058346	443807.0	Romance
570	tt22058462	49000000.0	Action
571	tt22086334	14056.0	Adventure
572	tt22170036	10479.0	Drama
573	tt2222042	11000000.0	Horror
574	tt22336444	92.0	Comedy
575	tt2235372	48582.0	Crime
576	tt22488024	3582391.0	Romance
577	tt22489564	25.0	Comedy
578	tt22490390	148000000.0	Crime
579	tt22507524	975000000.0	Romance
580	tt22643896	55000000.0	Drama
581	tt22687790	1223000000.0	Romance
582	tt22866358	62000000.0	Short
583	tt22900230	55000000.0	Action
584	tt23023596	35.0	Drama
585	tt23050038	56000000.0	History
586	tt23052688	2549000000.0	Comedy
587	tt23136186	109000000.0	Drama
588	tt23289160	1158000000.0	Fantasy
589	tt23330554	686775.0	Drama
590	tt23476446	37000000.0	Short
591	tt23554840	947.0	Horror
592	tt23561236	23000000.0	Short
593	tt23638614	131000000.0	Horror
594	tt23732594	736000000.0	Short
595	tt23752056	23.0	Horror
596	tt23770624	188000000.0	Short
597	tt23789874	746000000.0	Action
598	tt23790602	3749.0	Crime
599	tt2382320	7742000000.0	Drama
600	tt2382320	7742000000.0	Action
601	tt23859468	2549000000.0	Comedy
602	tt2397461	1074000000.0	Drama
603	tt2397461	1074000000.0	Comedy
604	tt24059780	9085.0	Crime
605	tt2420124	266770.0	Drama
606	tt24218390	13000000.0	Short
607	tt24306822	49000000.0	Crime
608	tt25134642	12.0	Drama
609	tt25135186	80000000.0	Drama
610	tt25355986	182.0	Musical
611	tt25396050	18.0	Romance
612	tt25965608	74000000.0	Drama
613	tt25965608	74000000.0	Romance
614	tt26047818	2192000000.0	Drama
615	tt26218928	11.0	Horror
616	tt26234970	302.0	Short
617	tt26238856	49000000.0	Drama
618	tt26238856	49000000.0	History
619	tt26245310	4853000000.0	Drama
620	tt26445355	20.0	History
621	tt26457132	25000000.0	Sci-Fi
622	tt26458038	2423.0	Short
623	tt26598714	25488.0	Horror
624	tt26655108	1978.0	Drama
625	tt26658104	391000000.0	Thriller
626	tt26660615	1000000.0	Comedy
627	tt26660615	1000000.0	Drama
628	tt26684414	11.0	Comedy
629	tt26690825	2672.0	Drama
630	tt26742232	11.0	Action
631	tt26744208	67.0	Comedy
632	tt26761553	19000000.0	Romance
633	tt26915336	12000000.0	Horror
634	tt26927937	409000000.0	Thriller
635	tt26929966	10503821.0	Horror
636	tt26997803	145.0	Thriller
637	tt27051116	11.0	Horror
638	tt27118258	2504.0	Thriller
639	tt27155038	461000000.0	Drama
640	tt27160637	16000000.0	Fantasy
641	tt27163971	207000000.0	Romance
642	tt27171776	20.0	Horror
643	tt27241513	1056000000.0	Mystery
644	tt27310552	6000000.0	Thriller
645	tt27327494	100000000.0	Animation
646	tt27431598	5870.0	Drama
647	tt27445004	348000000.0	Music
648	tt27459160	13364.0	Short
649	tt27496886	1592000000.0	Comedy
650	tt27502506	2199216.0	Drama
651	tt27525441	181000000.0	Drama
652	tt27554611	407000000.0	Drama
653	tt27566312	127000000.0	Short
654	tt27647771	4853000000.0	Thriller
655	tt27996820	1.0	Drama
656	tt28091008	114000000.0	Action
657	tt28091008	114000000.0	Thriller
658	tt28131707	181000000.0	Comedy
659	tt28185868	2166046.0	Drama
660	tt28185868	2166046.0	Horror
661	tt28185868	2166046.0	Comedy
662	tt28187391	1446000000000.0	Drama
663	tt28187391	1446000000000.0	Family
664	tt28221135	1793.0	Comedy
665	tt28228231	43.0	Short
666	tt28288786	136.0	Western
667	tt28358950	90.0	Adventure
668	tt2850386	216000000.0	Comedy
669	tt28512820	2000000.0	Family
670	tt28512820	2000000.0	Action
671	tt28512820	2000000.0	Fantasy
672	tt28512820	2000000.0	Action
673	tt28512820	2000000.0	Fantasy
674	tt28512820	2000000.0	Action
675	tt28542214	182.0	Fantasy
676	tt28547912	55000000.0	Action
677	tt28601183	4853000000.0	Fantasy
678	tt28642445	25000000.0	Comedy
679	tt28691667	1446000000000.0	Family
680	tt28691667	1446000000000.0	Romance
681	tt28814949	2671000000.0	Drama
682	tt2906216	2082000000.0	Action
683	tt29194123	127000000.0	Drama
684	tt29199176	391000000.0	Romance
685	tt29430934	406000000.0	Sci-Fi
686	tt29432003	346899.0	Thriller
687	tt29432003	346899.0	Action
688	tt29466107	9758000000.0	Adventure
689	tt29466107	9758000000.0	Fantasy
690	tt2953050	2568000000.0	Drama
692	tt29550375	419.0	Drama
693	tt29609422	19753000000.0	Thriller
694	tt29721567	1576000000.0	Drama
695	tt29721567	1576000000.0	Short
696	tt29721567	1576000000.0	Adventure
697	tt29740052	833.0	Comedy
698	tt29931098	443807.0	Fantasy
699	tt30310780	391000000.0	Drama
700	tt30497782	1120.0	Short
701	tt30803479	597576.0	Comedy
702	tt30889257	15.0	Adventure
703	tt30970235	11057.0	Family
704	tt30970772	352093.0	Musical
705	tt30970772	352093.0	Drama
706	tt31039417	659009.0	Short
707	tt31227384	142000000.0	Drama
708	tt3152592	285000000.0	Short
709	tt3172162	255000000.0	Crime
710	tt31761436	1576000000.0	Drama
711	tt31761436	1576000000.0	Thriller
712	tt31761436	1576000000.0	Comedy
713	tt31797079	1001.0	Drama
714	tt31835725	2708.0	Family
715	tt31962362	131000000.0	Adventure
716	tt32080328	4853000000.0	Animation
717	tt3228774	2335000000.0	Comedy
718	tt3291150	511000000.0	Adventure
719	tt3454424	752750.0	Animation
720	tt3454424	752750.0	Comedy
721	tt3454424	752750.0	Comedy
722	tt3454424	752750.0	Drama
723	tt3454424	752750.0	Short
724	tt3513500	623190.0	Drama
725	tt3547306	864928.0	Short
726	tt3554046	1637000000.0	Drama
727	tt3679040	18244.0	Short
728	tt3794354	3197000000.0	Biography
729	tt3794354	3197000000.0	Comedy
730	tt3804810	8013522.0	Drama
731	tt3915174	4853000000.0	Drama
732	tt4123432	4072000000.0	Action
733	tt4123432	4072000000.0	Drama
734	tt4351684	292000000.0	Thriller
735	tt4351684	292000000.0	Action
736	tt4411584	32000000.0	Drama
737	tt4428398	425000000.0	Thriller
738	tt4428398	425000000.0	Action
739	tt4428398	425000000.0	Crime
740	tt4495098	1221000000.0	Drama
741	tt4513678	2043000000.0	Drama
742	tt4532038	434000000.0	Short
743	tt4589218	2972000000.0	Short
744	tt4682266	492000000.0	Drama
745	tt4685762	23000000.0	Short
746	tt4823776	48000000.0	Action
747	tt4960748	114000000.0	Crime
748	tt4960748	114000000.0	Drama
749	tt4996328	195000000.0	Drama
750	tt5034838	4701000000.0	Comedy
751	tt5090568	439000000.0	Thriller
752	tt5108870	1675000000.0	Drama
753	tt5109280	1304000000.0	Drama
754	tt5113044	9407000000.0	Drama
755	tt5177120	217000000.0	Comedy
756	tt5198068	1266570.0	Drama
757	tt5198068	1266570.0	Romance
758	tt5198068	1266570.0	Comedy
759	tt5433138	7262000000.0	Drama
760	tt5433140	7146000000.0	Romance
761	tt5439812	52000000.0	Comedy
762	tt5525650	15815.0	Drama
763	tt5537002	157000000.0	Romance
764	tt5562070	259000000.0	Comedy
765	tt5616176	13000000.0	Drama
766	tt5656994	5000000.0	Romance
767	tt5672290	533000000.0	Drama
768	tt5715066	126068.0	Romance
769	tt5715066	126068.0	Drama
770	tt5715066	126068.0	Romance
771	tt5748448	68000000.0	Drama
772	tt5774060	409000000.0	Romance
773	tt5834426	673000000.0	Drama
774	tt5834426	673000000.0	Romance
775	tt5834426	673000000.0	Comedy
776	tt5834426	673000000.0	Drama
777	tt5867314	48000000.0	Animation
778	tt5867314	48000000.0	Short
779	tt5867314	48000000.0	Comedy
780	tt5884796	745000000.0	Fantasy
781	tt6166392	6323000000.0	Biography
782	tt6166392	6323000000.0	Drama
783	tt6217926	31000000.0	Adventure
784	tt6217926	31000000.0	Animation
785	tt6217926	31000000.0	Comedy
786	tt6217926	31000000.0	Drama
787	tt6217926	31000000.0	Short
788	tt6217926	31000000.0	Drama
789	tt6217926	31000000.0	Short
790	tt6246322	538000000.0	Drama
791	tt6264654	3315000000.0	History
792	tt6334354	1687000000.0	War
793	tt6435934	868168.0	Action
794	tt6443346	3935000000.0	Mystery
795	tt6455162	26688.0	Thriller
796	tt6467266	408000000.0	Action
797	tt6475714	478000000.0	Crime
798	tt6475714	478000000.0	Drama
799	tt6475714	478000000.0	Biography
800	tt6475714	478000000.0	Drama
801	tt6528290	7000000.0	Animation
802	tt6528290	7000000.0	Family
803	tt6570098	97000000.0	Fantasy
804	tt6587640	48000000.0	Drama
805	tt6598238	43862.0	Short
806	tt6673612	2515000000.0	Crime
807	tt6710474	1434000000.0	Drama
808	tt6718170	1362000000000.0	Action
809	tt6723592	3659000000.0	Adventure
810	tt6723592	3659000000.0	Sci-Fi
811	tt6772802	38852.0	Drama
812	tt6791350	8456000000.0	Sport
813	tt6823148	43000000.0	Short
814	tt6823148	43000000.0	Short
815	tt6823148	43000000.0	Action
816	tt6842770	13000000.0	Drama
817	tt6842770	13000000.0	Sci-Fi
818	tt6842770	13000000.0	Short
819	tt6852178	848834.0	Thriller
820	tt6852178	848834.0	Action
821	tt6878306	127000000.0	Adventure
822	tt6879446	917381.0	Sci-Fi
823	tt6879446	917381.0	Action
824	tt6902394	87000000.0	Adventure
825	tt6920084	42000000.0	Drama
826	tt6920084	42000000.0	Horror
827	tt6920084	42000000.0	Thriller
828	tt6932874	1468000000.0	Drama
829	tt6950476	56.0	Horror
830	tt7069210	2064000000.0	Thriller
831	tt7093904	36000000.0	Action
832	tt7094488	58125.0	Short
833	tt7097896	5069000000.0	Adventure
834	tt7106686	53000000.0	Comedy
835	tt7126948	1696000000.0	Family
836	tt7130916	15000000.0	Action
837	tt7134096	6000000.0	Short
838	tt7134096	6000000.0	Action
839	tt7144666	1614000000.0	Drama
840	tt7146812	142000000.0	Thriller
841	tt7176054	1066000000.0	Drama
842	tt7286966	618.0	Short
843	tt7294150	4614000000.0	Drama
844	tt7322224	329000000.0	Short
845	tt7322224	329000000.0	Action
846	tt7322224	329000000.0	War
847	tt7322224	329000000.0	Comedy
848	tt7375466	1112000000.0	Drama
849	tt7405458	1132000000.0	Action
850	tt7435316	30940.0	Drama
851	tt7466442	342000000.0	History
852	tt7524444	29000000.0	Action
853	tt7545266	304000000.0	Drama
854	tt7587604	331000000.0	History
855	tt7599146	2506000000.0	Drama
856	tt7601480	3171000000.0	Adventure
857	tt7628504	181000000.0	Animation
858	tt7638348	2000000.0	Comedy
859	tt7737786	523000000.0	Adventure
860	tt7772582	891527.0	Animation
861	tt7922238	18600.0	Comedy
862	tt7937254	138565.0	Drama
863	tt7947604	52885.0	Action
864	tt7972012	134000000.0	Crime
865	tt7985704	49000000.0	Drama
866	tt7985704	49000000.0	Adventure
867	tt8004664	132000000.0	Animation
868	tt8006374	5000000.0	Comedy
869	tt8041270	1004000000000.0	Comedy
870	tt8045906	31000000.0	Drama
871	tt8049994	452000000.0	Family
872	tt8093700	976000000.0	Comedy
873	tt8097030	215000000.0	Short
874	tt8110232	131000000.0	Action
875	tt8110900	15000000.0	Comedy
876	tt8114980	457144.0	Thriller
877	tt8115900	2504000000.0	Action
878	tt8129806	400845.0	Comedy
879	tt8178634	138726.0	Thriller
880	tt8242084	105000000.0	Action
881	tt8277246	138000000.0	Comedy
882	tt8310486	889522.0	Crime
883	tt8332922	2974000000.0	Comedy
884	tt8338076	23000000.0	Drama
885	tt8354218	58000000.0	Animation
886	tt8354218	58000000.0	Fantasy
887	tt8356942	278000000.0	Horror
888	tt8366590	13705.0	Animation
889	tt8368408	1000000.0	Comedy
890	tt8368408	1000000.0	Family
891	tt8368408	1000000.0	Comedy
892	tt8376234	154000000.0	Drama
893	tt8376234	154000000.0	Thriller
894	tt8376234	154000000.0	Drama
895	tt8385148	701000000.0	Action
896	tt8426926	6358.0	Crime
897	tt8430054	2000000.0	Thriller
898	tt8430054	2000000.0	Adventure
899	tt8430054	2000000.0	Comedy
900	tt8430054	2000000.0	Fantasy
901	tt8430054	2000000.0	Adventure
902	tt8430054	2000000.0	Comedy
903	tt8456190	905428.0	Fantasy
904	tt8461224	13000000.0	Drama
905	tt8521778	1772000000.0	Short
906	tt8589698	1805000000.0	Thriller
907	tt8633464	729254.0	Action
908	tt8760708	181000000.0	Adventure
909	tt8825186	25488.0	Drama
910	tt8847712	463000000.0	Drama
911	tt8850222	427000000.0	Short
912	tt8883486	44.0	Crime
913	tt8912936	2076000000.0	Drama
914	tt8933086	252000000.0	Mystery
915	tt8933086	252000000.0	Action
916	tt8933086	252000000.0	Drama
917	tt8933086	252000000.0	Action
918	tt8983166	4171.0	Adventure
919	tt9003448	255000000.0	Drama
920	tt9006564	176.0	Drama
921	tt9032400	4021000000.0	Mystery
922	tt9047564	12000000.0	Thriller
923	tt9054192	12000000.0	Biography
924	tt9059704	499649.0	Drama
925	tt9086228	221000000.0	Biography
926	tt9086228	221000000.0	Drama
927	tt9086228	221000000.0	Biography
928	tt9098454	32000000.0	Drama
929	tt9100054	622635.0	History
930	tt9100054	622635.0	Biography
931	tt9114286	8592000000.0	Drama
932	tt9173418	203000000.0	History
933	tt9176086	15.0	Comedy
934	tt9198364	203000000.0	Drama
935	tt9198364	203000000.0	Romance
936	tt9208444	107000000.0	Action
937	tt9214772	342000000.0	Adventure
938	tt9214772	342000000.0	Fantasy
939	tt9214832	274000000.0	Action
940	tt9214832	274000000.0	Adventure
941	tt9224104	3977000000.0	Drama
942	tt9224104	3977000000.0	Drama
943	tt9224288	40209.0	Short
944	tt9243804	189000000.0	Drama
945	tt9243804	189000000.0	Short
946	tt9248952	4477.0	Short
947	tt9252488	597576.0	Action
948	tt9288692	991898.0	Crime
949	tt9288726	55000000.0	Horror
950	tt9308382	25000000.0	Horror
951	tt9308390	252152.0	Mystery
952	tt9340860	108000000.0	Thriller
953	tt9357050	191000000.0	Drama
954	tt9362492	9611429.0	Action
955	tt9362722	6909000000.0	Crime
956	tt9362930	1308000000.0	Drama
957	tt9376612	4322000000.0	Comedy
958	tt9387250	170581.0	Action
959	tt9389998	360373.0	Adventure
960	tt9392248	7000000.0	Animation
961	tt9411972	1443000000.0	Crime
962	tt9419884	9558000000.0	Short
963	tt9441638	515399.0	Comedy
964	tt9471930	1000000.0	Horror
965	tt9537292	262280.0	Short
966	tt9568486	865000.0	Horror
967	tt9592496	45.0	Short
968	tt9597838	2264000000.0	Family
969	tt9603212	5675000000.0	Documentary
970	tt9620288	394000000.0	Family
971	tt9620292	203000000.0	Short
972	tt9623736	32.0	Comedy
973	tt9639470	23000000.0	Drama
974	tt9663764	4344000000.0	Action
975	tt9664108	42000000.0	Adventure
976	tt9664108	42000000.0	Fantasy
977	tt9664108	42000000.0	Action
978	tt9664108	42000000.0	Adventure
979	tt9682428	541000000.0	Sci-Fi
980	tt9686708	22000000.0	Documentary
981	tt9688874	48.0	Short
982	tt9731598	148000000.0	Documentary
983	tt9735462	111000000.0	Short
984	tt9770150	395000000.0	Comedy
985	tt9777666	192000000.0	Drama
986	tt9779516	164000000.0	Romance
987	tt9784798	74000000.0	Sport
988	tt9784798	74000000.0	Horror
989	tt9806468	26609.0	Short
990	tt9844522	658000000.0	Family
991	tt9848626	185000000.0	Short
992	tt9851854	6466.0	Action
993	tt9877170	85.0	Short
