	Tconst du film	Titre du film	Jour de sortie	Mois de sortie	Année de sortie	Durée	Pays	Langage	Budget max	Box office max
0	tt0439572	The Flash	12	06	2023	144	United States	English	200220000000.0	2713000000.0
2	tt0870154	Jungle Cruise	24	07	2021	127	United States	English	200000000.0	2209000000.0
3	tt0920462	Lost Girls and Love Hotels	18	09	2020	97	United States	English	1000000.0	83257.0
4	tt0983946	Fantasy Island	14	02	2020	109	United States	English	7000000.0	49000000.0
5	tt0993840	Army of the Dead	14	05	2021	148	United States	English	7090000000.0	1000000.0
6	tt0995854	A Journal for Jordan	09	12	2021	131	United States	English	25000000.0	67000000.0
7	tt10003008	The Rental	18	06	2020	88	United States	English	35000000.0	43000000.0
11	tt1001520	The Last Voyage of the Demeter	10	08	2023	119	United States	English	45000000.0	218000000.0
27	tt10976066	Sufiyum Sujatayum	03	07	2020	95	India	Malayalam	2000000.0	36000000.0
28	tt10980638	Devil's Peak	17	02	2023	98	United States	English	250000.0	787280.0
34	tt10986222	C'mon C'mon	02	09	2021	108	United States	English	83000000.0	45000000.0
36	tt10993566	Miami Bici	21	02	2020	98	Romania	\N	1500000.0	2663916.0
41	tt11007444	Tove	02	10	2020	103	FinlandSweden	English	34000000.0	19000000.0
61	tt11027510	The Promised Neverland	18	12	2020	120	Japan	Japanese	10000000.0	203.0
63	tt11027850	Hacked	07	02	2020	118	India	Hindi	450.0	182.0
65	tt11032374	Demon Slayer: Kimetsu no Yaiba - The Movie: Mugen Train	16	10	2020	119	Japan	Japanese	157000000.0	5071000000.0
75	tt11057302	Madame Web	12	02	2024	116	United States	English	80000000.0	1003000000.0
81	tt11068094	White Bird	04	01	2024	120	United States	English	43000000.0	23000000.0
83	tt11075264	Thallumaala	24	05	\N	147	India	Malayalam	38000000.0	5052.0
87	tt11083552	Wrath of Man	22	04	2021	119	United States	English	40000000.0	104000000.0
88	tt11083552	Wrath of Man	22	04	2021	119	United Kingdom	English	40000000.0	104000000.0
91	tt11084896	Spirit Untamed	04	06	2021	88	United States	English	30000000.0	427000000.0
103	tt11102214	Mark II	23	08	\N	\N	United States	English	85000000.0	2070871.0
120	tt11125620	The Addams Family 2	01	10	2021	93	Canada	English	23000000.0	120000000.0
121	tt11125620	The Addams Family 2	01	10	2021	93	United States	English	23000000.0	120000000.0
127	tt11128440	Clerks III	04	09	2022	100	United States	English	7000000.0	47000000.0
131	tt11132342	Ladies of Steel	03	01	2020	92	Finland	Finnish	300000.0	3000000.0
133	tt11136276	Azor	06	03	2021	89	Argentina	English	600000.0	74701.0
134	tt11136276	Azor	06	03	2021	89	France	English	600000.0	74701.0
135	tt11136276	Azor	06	03	2021	89	Switzerland	English	600000.0	74701.0
136	tt11136454	Jasmine Road	01	10	2020	128	Canada	English	540000.0	235261.0
138	tt11138512	The Northman	28	03	2022	136	United States	\N	90000000.0	696000000.0
140	tt11140488	The Wolf of Snow Hollow	09	10	2020	84	United States	English	2000000.0	266963.0
145	tt11145118	Creed III	09	02	2023	116	United States	\N	75000000.0	2753000000.0
151	tt11152168	IF	17	05	2024	104	United States	English	5860000000.0	199000000.0
179	tt11186586	Loose Ends	29	01	\N	95	United Kingdom	English	100000.0	250000.0
183	tt11190652	The Rose Maker	29	08	2020	105	France	French	64000000.0	29000000.0
190	tt11198810	She Said	13	10	2022	129	United States	English	32000000.0	139000000.0
196	tt11209212	See for Me	10	06	2021	92	Canada	English	50000.0	725952.0
198	tt11210390	Asterix & Obelix: The Middle Kingdom	01	02	2023	111	France	French	724000000.0	465000000.0
202	tt11214590	House of Gucci	09	11	2021	158	United States	English	75000000.0	1662000000.0
208	tt11224358	Pray Away	16	06	2021	101	United States	English	113641313.0	24138.0
229	tt11242218	Books of Blood	06	10	2020	107	United States	English	50000000.0	2131000000.0
230	tt11242654	They Shot the Piano Player	06	09	2023	103	SpainFranceNetherlandsPortugalPeru	English	6216000.0	509000.0
247	tt11271038	Licorice Pizza	26	11	2021	133	United States	English	40000000.0	333000000.0
257	tt11279796	Loose Ends	\N	\N	\N	95	United Kingdom	English	100000.0	250000.0
259	tt11281192	Qalb	24	10	\N	76	India	Malayalam	20000000.0	366000000.0
261	tt11283984	CHSLD	05	09	2020	20	Canada	French	1000000.0	34000000.0
263	tt11286314	Don't Look Up	05	12	2021	138	United States	English	75000000.0	791863.0
268	tt11291274	The Unbearable Weight of Massive Talent	12	03	2022	107	United States	English	30000000.0	291000000.0
280	tt11304740	Wish	08	11	2023	95	United States	English	175200000000.0	2549000000.0
292	tt11310380	Missing in Brooks County	26	04	\N	81	US	English	128000.0	263000.0
294	tt11310884	History of the Occult	08	09	2020	82	Argentina	Spanish	10000000.0	590416.0
298	tt11313944	Layla Majnun	11	02	2021	119	Indonesia	English	200000.0	8332.0
302	tt11317142	Shiva Baby	15	03	2020	78	United States	English	200000.0	349271.0
304	tt11317774	I Met a Girl	11	09	2020	110	Australia	English	75000000.0	2269000000.0
316	tt11333488	The Listener	09	09	2022	96	United States	English	5000000.0	52285.0
317	tt11338144	A Brighter Tomorrow	20	04	2023	96	Italy	Italian	123000000.0	66000000.0
318	tt11338144	A Brighter Tomorrow	20	04	2023	96	France	Italian	123000000.0	66000000.0
320	tt11341742	In Search of Tomorrow	19	02	2022	305	United Kingdom	English	7000000.0	302000000.0
327	tt11349638	Tell Her	\N	09	2020	98	Russia	\N	2000000.0	5000000.0
328	tt11350068	Nightalk	16	09	2022	90	Canada	English	16000000.0	15000000.0
334	tt11358166	Some Kind of Heaven	26	01	2020	83	United States	English	45000000.0	53222.0
336	tt11358390	Renfield	30	03	2023	93	United States	English	65000000.0	269000000.0
337	tt11358398	The Man Standing Next	\N	\N	\N	114	\N	Korean	18000000.0	347000000.0
338	tt11359120	Cry of the Wild	\N	\N	\N	\N	Canada	English	74871.0	45.0
342	tt11363540	This Is Not a Comedy	14	10	2021	105	Mexico	Spanish	15000000.0	179000000.0
359	tt11380884	Farewell Amor	25	01	2020	101	United States	English	500000.0	4689.0
362	tt11383960	Soft	09	09	2022	87	Canada	English	1700000.0	34000000.0
382	tt11390180	Upon the Magic Roads	18	02	2021	111	Russia	Russian	600000000.0	1176000000000.0
386	tt11394158	Miss Juneteenth	24	01	2020	103	United States	English	70000025000000.0	105908.0
424	tt11405250	'Til Kingdom Come	13	12	2020	76	Israel	English	60000000.0	1011000000.0
425	tt11405250	'Til Kingdom Come	13	12	2020	76	United States	English	60000000.0	1011000000.0
436	tt11422728	Summer of Soul (...Or, When the Revolution Could Not Be Televised)	28	01	2021	117	United States	English	45000000.0	37000000.0
447	tt11432356	Tumi O Tumi	17	01	2020	124	United States	English	50000000.0	2131000000.0
450	tt11433696	Solo Brathuke So Better	25	12	2020	\N	India	Telugu	10.0	21.0
483	tt11459366	Billie Eilish: The World's a Little Blurry	26	02	2021	140	United States	English	12000000.0	1634000000.0
484	tt11460816	Will-o'-the-Wisp	24	05	2022	67	PortugalFrance	Portuguese	90000.0	72731.0
490	tt11464446	Anything's Possible	22	07	2022	98	United States	English	10000000.0	428000000.0
491	tt11464826	The Social Dilemma	26	01	2020	94	United States	English	10000000.0	595000000.0
493	tt11466222	Jackass Forever	01	02	2022	96	United States	English	10000000.0	805000000.0
498	tt11478150	Sohreyan Da Pind Aa Gaya	08	07	2022	104	India	Punjabi	43000000.0	94000000.0
506	tt11486994	Incision	27	10	2020	79	United States	English	35000000.0	601000000.0
509	tt11490170	HIT	28	02	2020	130	India	Telugu	62.0	11.0
512	tt11496264	Walchensee Forever	24	02	2020	110	Germany	German	58000000.0	37000000.0
519	tt11502856	The Hundred Bucks	21	02	2020	94	India	Hindi	5000000.0	192000000.0
531	tt11512676	Do Not Split	24	01	2020	35	NorwayUnited States	\N	382000.0	1822000000.0
535	tt11517944	Dancers	\N	\N	\N	82	United States	English	7000000.0	1190416.0
546	tt11535228	Emergency Declaration	16	07	2021	147	South Korea	Korean	26000000000.0	214000000.0
551	tt11540284	8-Bit Christmas	24	11	2021	97	United States	English	58000000.0	8362.0
555	tt11543916	Chathur Mukham	08	04	2021	138	India	Malayalam	55.0	44.0
557	tt11547520	Kalashnikov	21	02	2020	110	Russia	Russian	200000000.0	117000000.0
559	tt11552344	Murder at Yellowstone City	24	06	2022	127	United States	English	34000000.0	470000.0
567	tt11562006	Annette	06	07	2021	140	France	English	155000000.0	31000000.0
568	tt11562006	Annette	06	07	2021	140	Germany	English	155000000.0	31000000.0
569	tt11562006	Annette	06	07	2021	140	Belgium	English	155000000.0	31000000.0
570	tt11562006	Annette	06	07	2021	140	United States	English	155000000.0	31000000.0
571	tt11562006	Annette	06	07	2021	140	Japan	English	155000000.0	31000000.0
572	tt11562006	Annette	06	07	2021	140	Mexico	English	155000000.0	31000000.0
573	tt11562006	Annette	06	07	2021	140	Switzerland	English	155000000.0	31000000.0
575	tt11564570	Glass Onion	10	09	2022	139	United States	English	40000000.0	15000000.0
577	tt11566164	Secret Zoo	15	01	2020	117	South Korea	Korean	10.0	8357581.0
583	tt11569456	MGR Magan	04	11	2021	96	India	Tamil	6000000.0	11000000.0
591	tt11571408	Nezura 1964	19	12	2020	55	Japan	Japanese	35000000.0	1011000000.0
594	tt11575056	Worth	24	01	2020	118	United States	English	15000000.0	106645.0
597	tt11576698	After the Incident	21	10	2020	75	Iran	Persian	35000000.0	103000000.0
599	tt11580630	Mistakes	15	07	2021	99	Czech Republic	Czech	1840000.0	166749.0
602	tt11580944	Seetimaarr	10	09	2021	138	India	Telugu	25.0	551.0
606	tt11586384	Masking Threshold	31	09	2021	94	Austria	English	15000000.0	16781408.0
607	tt11589586	Soft	09	09	2022	87	Canada	English	860000.0	11864.0
608	tt11591848	Here Today	07	05	2021	117	United States	English	60000000.0	29000000.0
610	tt11599280	Wild Boar	04	04	\N	\N	Netherlands	Dutch	10000000000.0	156000000.0
615	tt11608184	Swimming	20	05	\N	90	United States	English	25000000.0	7235.0
617	tt11611064	Day by Day	13	04	\N	90	Spain	Spanish	3000000.0	242623.0
626	tt11618536	Shithouse	16	10	2020	99	United States	English	15000.0	18370.0
628	tt11620774	Therapy	26	03	2021	81	Cameroon	English /Pidgin English	7000000.0	216000000.0
633	tt11626842	Moonlighting	26	09	\N	97	United Kingdom	English	596000.0	471000000.0
638	tt11636880	Attack on Finland	19	11	2021	115	Finland	English	910000000.0	958440.0
640	tt11639052	Black Milk	21	02	2020	92	GermanyMongolia	English	3000000.0	25000000.0
641	tt11639420	High School Fleet the Movie	12	01	2020	105	Japan	Japanese	10000000.0	67000000.0
643	tt11639942	Uthuru Sulanga	23	04	2021	100	Sri Lanka	Sinhala	500000.0	269823.0
652	tt11646788	L'instinct	25	09	\N	178	France	\N	775000000.0	501000000.0
655	tt11649614	Hitman: Agent Jun	22	01	2020	110	South Korea	Korean	9000000000.0	176000000.0
657	tt11650404	Cup of Cheer	04	11	2020	94	Canada	English	18000000.0	206000000.0
659	tt11651550	Operation Java	12	02	2021	146	India	Malayalam	23000000.0	483000000.0
663	tt11654030	Spontaneous	02	10	2020	101	United States	English	7000000.0	58000000.0
664	tt11654032	Boonie Bears: The Wild Life	12	02	2021	99	China	Standard Chinese	50000000.0	0.0
665	tt11655202	Riders of Justice	19	11	2020	116	Denmark	\N	53.0	7957296.0
681	tt11661552	We Are the Dream: The Kids of the Oakland MLK Oratorical Fest	18	02	2020	58	United States	English	40000000.0	17000000.0
685	tt11663228	Jailer	10	08	2023	168	India	Tamil	200.0	607650.0
697	tt11680920	Music School	12	05	2023	97	India	English	2000000.0	118000000.0
703	tt11681250	Godmothered	04	12	2020	110	United States	English	38000000.0	2053000000.0
713	tt11692070	Dolphin Island	02	03	2021	88	The BahamasUnited States	English	14000000.0	12000000.0
716	tt11695514	Eddy's World	22	01	2020	18	United States	English	45000.0	30000000.0
720	tt11697484	The 2nd	01	09	2020	93	United States	English	1318000.0	12604.0
730	tt11700260	Official Competition	04	09	2021	114	SpainArgentina	Spanish	22000000.0	47000000.0
732	tt11701810	Freedia Got a Gun	17	04	2020	85	United States	English	8000000000.0	117516.0
736	tt11703244	The Blackening	16	09	2022	97	United States	English	5000000.0	186000000.0
739	tt11703710	Downton Abbey: A New Era	25	04	2022	125	United KingdomUnited States	English	40000000.0	927000000.0
740	tt11714318	Kindred Spirits	13	09	\N	119	Australia	English	35000000.0	712000000.0
746	tt11720440	Carry on Jatta 3	29	06	2023	140	India	Punjabi	15.0	100.0
748	tt11724220	Hot Seat	01	07	2022	99	United States	English	23000000.0	68798.0
756	tt11729298	American Underdog	15	12	2021	112	United States	English	25000000.0	265000000.0
763	tt11733790	John Was Trying to Contact Aliens	27	01	2020	16	United States	English	21000000.0	3000000.0
771	tt11738830	The Beta Test	01	03	2021	93	United StatesUnited Kingdom	English	250000.0	37539.0
776	tt11749214	Onward	21	02	2020	102	United States	English	175200000000.0	142000000.0
778	tt11750282	Don't Listen	24	07	2020	108	Spain	Spanish	63000000.0	4672000000.0
791	tt11762434	Cosmic Sin	12	03	2021	88	United States	English	18000000.0	349757.0
804	tt11768456	African Bride	20	05	\N	88	Hungary	Hungarian	70000000.0	255000000.0
809	tt11771230	Stu	05	04	2022	124	United States South Korea	English	4000000.0	218000000.0
812	tt11772054	Old Fox	27	10	2023	112	Taiwan	French	46000000.0	132000000.0
813	tt11772054	Old Fox	27	10	2023	112	Japan	French	46000000.0	132000000.0
815	tt11772420	A Storm Was Coming	17	02	2020	87	Spain	English	1000000.0	19000000.0
822	tt11773378	Akhanda	07	10	2021	167	India	Telugu	60.0	20020.0
832	tt11777040	Time to Hunt	22	02	2020	134	Philippines	Korean	47000000.0	134000000.0
842	tt11779616	Shivaji Surathkal	21	02	2020	125	India	Kannada	4000000.0	28000000.0
848	tt11788650	Where Monsters Dwell	18	07	\N	75	United States	English	185000000.0	13111833000000.0
854	tt11799110	Take Back	18	06	2021	89	United States	English	14000000.0	202000000.0
857	tt11802992	Given	22	08	2020	59	Japan	Japanese	65000000.0	536023.0
861	tt11804152	Till Death	02	07	2021	88	United States	English	20000000.0	418807.0
863	tt11807968	Mundo Gordo	01	09	2022	105	Peru	Spanish	30000000.0	114000000.0
865	tt11809028	Night Drive	11	03	2022	118	India	Malayalam	25000000.0	123000000.0
866	tt11810050	12th Man	20	05	2022	163	India	Malayalam	8.0	15.0
869	tt11813216	The Banshees of Inisherin	05	09	2022	114	United Kingdom	English	20000000.0	523000000.0
870	tt11813216	The Banshees of Inisherin	05	09	2022	114	United States	English	20000000.0	523000000.0
877	tt11816092	Hum Do Hamare Do	29	10	2021	129	India	Hindi	35000000.0	44000000.0
886	tt11829884	Fate of Alakada	01	10	2020	110	Nigeria	French	6000000.0	1132000000.0
888	tt11832046	PAW Patrol: The Movie	08	08	2021	86	Canada	English	26000000.0	1514000000.0
890	tt11837558	I Propose We Never See Each Other Again After Tonight	21	08	2020	102	Canada	English	5000000.0	24000000.0
892	tt11840016	You Were My First Boyfriend	10	03	2023	97	United States	Spanish	5000000.0	87000000.0
900	tt11844812	Oh My Darling	24	02	2023	144	India	Malayalam	600000.0	13493.0
902	tt11847024	Going Down	31	10	\N	\N	Australia	English	400000.0	11.0
907	tt11851548	Orphan: First Kill	27	07	2022	99	United States	English	750000.0	44000000.0
909	tt11853512	Bidrohini	14	02	2020	131	India	Bengali	4000000.0	11000000.0
917	tt11860854	Manasanamaha	28	03	2020	16	India	Telugu	5000.0	151000000.0
927	tt11867812	Love & Revolution	06	07	2023	\N	Spain	Spanish	275000000.0	55000000.0
929	tt11871074	Girls to Buy	26	11	2021	146	Poland	Polish	24.0	1164.0
935	tt11873440	Heropanti 2	29	04	2022	142	India	Hindi	70.0	3513.0
940	tt11874226	David Byrne's American Utopia	10	09	2020	105	United States	English	19000000.0	275304.0
951	tt11891850	Hard Truths	18	10	2024	96	United States	English	50000000.0	2428000000.0
952	tt11891850	Hard Truths	18	10	2024	96	United Kingdom	English	50000000.0	2428000000.0
953	tt11891850	Hard Truths	18	10	2024	96	Spain	English	50000000.0	2428000000.0
954	tt11891850	Hard Truths	18	10	2024	96	France	English	50000000.0	2428000000.0
967	tt11905962	Sputnik	23	04	2020	113	Russia	Russian	190.0	354023.0
988	tt11940290	Fourth of July	30	06	2022	90	United States	English	2000000.0	325070.0
992	tt11947048	Watcher	21	01	2022	96	United Arab Emirates	English	5000000.0	32000000.0
993	tt11947048	Watcher	21	01	2022	96	United States	English	5000000.0	32000000.0
994	tt11947048	Watcher	21	01	2022	96	Romania	English	5000000.0	32000000.0
1002	tt11952606	Easter Sunday	05	08	2022	96	United States	\N	17000000.0	131000000.0
1008	tt11958368	Don't Look Up	05	12	2021	138	United States	English	75000000.0	791863.0
1028	tt11992694	Corsage	20	05	2022	112	Austria	\N	75.0	31000000.0
1029	tt11992694	Corsage	20	05	2022	112	Germany	\N	75.0	31000000.0
1030	tt11992694	Corsage	20	05	2022	112	Luxembourg	\N	75.0	31000000.0
1031	tt11992694	Corsage	20	05	2022	112	France	\N	75.0	31000000.0
1035	tt12003946	Violent Night	07	10	2022	107	United States	English	20000000.0	766000000.0
1036	tt12004038	Watcher	21	01	2022	96	United Arab Emirates	English	5000000.0	32000000.0
1037	tt12004038	Watcher	21	01	2022	96	United States	English	5000000.0	32000000.0
1038	tt12004038	Watcher	21	01	2022	96	Romania	English	5000000.0	32000000.0
1058	tt12078076	Bhajarangi 2	29	10	2021	\N	India	Kannada	15.0	38.0
1091	tt12156272	Aline	13	07	2021	128	FranceCanada	\N	236.0	111000000.0
1102	tt12193804	Whitney Houston: I Wanna Dance with Somebody	13	12	2022	146	United States	English	45000000.0	598000000.0
1111	tt12221818	Last Wish	13	12	2022	102	United States	English	90110000000.0	4853000000.0
1113	tt12226632	Big George Foreman	28	04	2023	129	United States	English	32000000.0	6000000.0
1125	tt12261776	65	10	03	2023	93	United States	English	4557000000.0	607000000.0
1131	tt12264966	Notre-Dame on Fire	16	03	2022	110	France	French	0.0	59000000.0
1132	tt12264966	Notre-Dame on Fire	16	03	2022	110	Italy	French	0.0	59000000.0
1164	tt12337854	The Death of Us	28	08	2020	91	United States	English	25000000.0	63000000.0
1180	tt12354886	Beauty Water	09	09	2020	85	South Korea	Korean	2000000000.0	900000000.0
1211	tt12412888	Sonic the Hedgehog 2	30	03	2022	122	United States	English	90110000000.0	4054000000.0
1212	tt12412888	Sonic the Hedgehog 2	30	03	2022	122	Japan	English	90110000000.0	4054000000.0
1213	tt12422308	Sarkaru Vaari Paata	12	05	2022	161	India	Telugu	140.0	230.0
1220	tt12427766	Imaginary	08	03	2024	104	United States	English	1013000000.0	39000000.0
1233	tt12444942	Locked Down	14	01	2021	118	United States	English	3000000.0	346899.0
1234	tt12444942	Locked Down	14	01	2021	118	United Kingdom	English	3000000.0	346899.0
1246	tt12479248	Fallen Leaves	22	05	2023	81	Finland	Finnish	14000000.0	86000000.0
1247	tt12479248	Fallen Leaves	22	05	2023	81	Germany	Finnish	14000000.0	86000000.0
1251	tt12484708	Wish	08	11	2023	95	United States	English	175200000000.0	2549000000.0
1254	tt12487826	Host	30	07	2020	56	United Kingdom	English	100000.0	443807.0
1267	tt12519030	Hatching	23	01	2022	91	Finland	Finnish	395000000.0	659009.0
1268	tt12519206	Unsubscribe	10	06	2020	29	United States	\N	0.0	25488.0
1272	tt12532368	Chickenhare and the Hamster of Darkness	23	01	2022	91	Belgium	\N	20000000.0	10885116.0
1273	tt12532368	Chickenhare and the Hamster of Darkness	23	01	2022	91	France	\N	20000000.0	10885116.0
1274	tt12536294	Spencer	03	09	2021	117	United Kingdom	English	18000000.0	252000000.0
1275	tt12536294	Spencer	03	09	2021	117	United States	English	18000000.0	252000000.0
1276	tt12536294	Spencer	03	09	2021	117	Germany	English	18000000.0	252000000.0
1277	tt12536294	Spencer	03	09	2021	117	Chile	English	18000000.0	252000000.0
1291	tt12549474	Hacked	07	02	2020	118	India	Hindi	450.0	182.0
1312	tt12593682	Bullet Train	18	07	2022	126	United States	English	85990000000.0	2393000000.0
1316	tt12598910	Crocodile Island	04	02	2020	86	China	\N	8000000.0	1670000000.0
1356	tt12664618	Sinkhole	06	08	2021	117	South Korea	Korean	15000000000.0	188000000.0
1360	tt12672536	The Three Musketeers - Part I: D'Artagnan	05	04	2023	121	France	French	36000000.0	35000000.0
1361	tt12672536	The Three Musketeers - Part I: D'Artagnan	05	04	2023	121	Germany	French	36000000.0	35000000.0
1362	tt12672536	The Three Musketeers - Part I: D'Artagnan	05	04	2023	121	Spain	French	36000000.0	35000000.0
1363	tt12672536	The Three Musketeers - Part I: D'Artagnan	05	04	2023	121	Belgium	French	36000000.0	35000000.0
1364	tt12672620	The Three Musketeers - Part II: Milady	18	11	2023	115	France	French	361000000.0	216000000.0
1365	tt12672620	The Three Musketeers - Part II: Milady	18	11	2023	115	Germany	French	361000000.0	216000000.0
1366	tt12672620	The Three Musketeers - Part II: Milady	18	11	2023	115	Spain	French	361000000.0	216000000.0
1367	tt12672620	The Three Musketeers - Part II: Milady	18	11	2023	115	Belgium	French	361000000.0	216000000.0
1393	tt12718300	Confess, Fletch	16	09	2022	98	United States	English	20000000.0	656613.0
1406	tt12740382	Watcher	21	01	2022	96	United Arab Emirates	English	5000000.0	32000000.0
1407	tt12740382	Watcher	21	01	2022	96	United States	English	5000000.0	32000000.0
1408	tt12740382	Watcher	21	01	2022	96	Romania	English	5000000.0	32000000.0
1418	tt12749596	Host	30	07	2020	56	United Kingdom	English	100000.0	443807.0
1451	tt12789558	Belfast	02	09	2021	97	United Kingdom	English	1015000000.0	49000000.0
1457	tt12794388	Mortal	28	02	2020	104	Norway	\N	61.0	126068.0
1458	tt12794388	Mortal	28	02	2020	104	United Kingdom	\N	61.0	126068.0
1459	tt12794388	Mortal	28	02	2020	104	United States	\N	61.0	126068.0
1484	tt12825098	Wish	08	11	2023	95	United States	English	175200000000.0	2549000000.0
1501	tt12847812	Everything Went Fine	07	07	2021	113	France	French	73000000.0	22000000.0
1507	tt12861850	Chandigarh Kare Aashiqui	10	12	2021	116	India	Hindi	40.0	4123.0
1518	tt12889404	Cyrano	02	09	2021	124	United States	English	30000000.0	64000000.0
1519	tt12889404	Cyrano	02	09	2021	124	Canada	English	30000000.0	64000000.0
1520	tt12889404	Cyrano	02	09	2021	124	United Kingdom	English	30000000.0	64000000.0
1526	tt12915716	Adipurush	16	06	2023	179	India	\N	500700.0	354.0
1529	tt12921446	The Exorcist: Believer	06	10	2023	111	United States	English	30000000.0	137000000.0
1608	tt13061914	Locked Down	14	01	2021	118	United States	English	3000000.0	346899.0
1609	tt13061914	Locked Down	14	01	2021	118	United Kingdom	English	3000000.0	346899.0
1610	tt13061966	Article 370	23	02	2024	158	India	Hindi	20.0	11057.0
1631	tt13097336	The Lady of Heaven	10	12	2021	141	United Kingdom, Georgia	English	15000000.0	74441.0
1640	tt13105824	My Missing Valentine	18	09	2020	119	Taiwan	Mandarin	40000000.0	32120000.0
1642	tt13106218	Hit	28	02	2020	130	India	Telugu	62.0	11.0
1646	tt13108386	Watcher	21	01	2022	96	United Arab Emirates	English	5000000.0	32000000.0
1647	tt13108386	Watcher	21	01	2022	96	United States	English	5000000.0	32000000.0
1648	tt13108386	Watcher	21	01	2022	96	Romania	English	5000000.0	32000000.0
1664	tt13130760	Hit: The First Case	28	02	2020	130	India	Telugu	62.0	11.0
1665	tt13130948	Shehzada	17	02	2023	145	India	Hindi	65.0	4743.0
1667	tt13131636	Velle	10	12	2021	124	India	Hindi	12.0	1936.0
1669	tt13133408	Origin	06	09	2023	141	United States	English	38000000.0	49000000.0
1729	tt13210170	Hand Rolled Cigarette	03	11	2020	110	Hong Kong	Cantonese	325000000.0	734000000.0
1735	tt1321510	In the Heights	04	06	2021	143	United States	English	55000000.0	452000000.0
1748	tt13238346	Past Lives	21	01	2023	106	United States	\N	12000000.0	387000000.0
1765	tt13269580	Full Time	02	09	2021	88	France	French	27000000.0	19000000.0
1794	tt13310238	Wish	08	11	2023	95	United States	English	175200000000.0	2549000000.0
1800	tt13321244	Origin	06	09	2023	141	United States	English	38000000.0	49000000.0
1807	tt13328732	A Radiant Girl	08	07	2021	98	France	French	37000000.0	12000000.0
1811	tt13328902	The Last Wish	13	12	2022	102	United States	English	90110000000.0	4853000000.0
1818	tt13345606	Evil Dead Rise	15	03	2023	97	United States	English	1519000000.0	147000000.0
1823	tt13349892	Kompromat	\N	03	2022	127	France	\N	82000000.0	428000000.0
1826	tt13352968	Good Luck to You, Leo Grande	22	01	2022	97	United Kingdom	English	4000000.0	98000000.0
1827	tt13352968	Good Luck to You, Leo Grande	22	01	2022	97	United States	English	4000000.0	98000000.0
1845	tt13369990	Gully Gang	10	10	2020	\N	India	\N	36.0	40.0
1851	tt13375076	The Pope's Exorcist	05	04	2023	103	United States	English	18000000.0	77000000.0
1852	tt13375076	The Pope's Exorcist	05	04	2023	103	United Kingdom	English	18000000.0	77000000.0
1853	tt13375076	The Pope's Exorcist	05	04	2023	103	Spain	English	18000000.0	77000000.0
1866	tt13391708	The Five Devils	23	05	2022	95	France	French	34000000.0	497028.0
1875	tt13405778	Insidious: The Red Door	07	07	2023	107	United States	English	16000000.0	1891000000.0
1890	tt13429870	Robot Dreams	21	05	2023	102	SpainFrance	\N	5000000.0	36000000.0
1900	tt13439102	Wish	08	11	2023	95	United States	English	175200000000.0	2549000000.0
1911	tt13453006	Red Rocket	14	07	2021	128	United States	English	11000000.0	23000000.0
1930	tt13482806	Zero Fucks Given	11	07	2021	115	France	\N	2000000.0	1000000.0
1931	tt13482806	Zero Fucks Given	11	07	2021	115	Belgium	\N	2000000.0	1000000.0
1941	tt13491088	Blackberry	17	02	2023	121	Canada	English	5000000.0	29000000.0
1945	tt13495458	The Inspection	08	09	2022	95	United States	English	3000000.0	406644.0
1947	tt13496236	American Siege	07	01	2022	90	United States	English	10000000.0	121967.0
1956	tt13521006	Beau Is Afraid	01	04	2023	179	United States	English	35000000.0	115000000.0
1959	tt13528122	iMordecai	28	10	2022	\N	United States	English	500000000.0	140272.0
1969	tt13540870	Sheriff	18	04	2024	110	Malaysia	Malay	6000000.0	445000000.0
2004	tt13606158	The Last Warrior: Root of Evil	24	12	2020	121	Russia	Russian	650000000.0	2046000000000.0
2009	tt13612186	Monster Hunter	03	12	2020	103	Germany	English	60000000.0	478000000.0
2010	tt13612186	Monster Hunter	03	12	2020	103	China	English	60000000.0	478000000.0
2011	tt13612186	Monster Hunter	03	12	2020	103	United States	English	60000000.0	478000000.0
2012	tt13612186	Monster Hunter	03	12	2020	103	Japan	English	60000000.0	478000000.0
2043	tt13645322	F3: Fun and Frustration	27	05	2022	148	India	Telugu	60.0	135.0
2062	tt13651794	May December	20	05	2023	117	United States	English	20000000.0	5000000.0
2066	tt13654122	Yaanai	01	07	2022	156	India	Tamil	15.0	45.0
2068	tt13655120	I.S.S.	12	06	2023	96	United States	English	138000000.0	66000000.0
2073	tt13664684	Karthikeya 2	13	08	2022	145	India	Telugu	15.0	11787.0
2094	tt13700900	The Secrets We Keep	16	09	2020	97	United States	English	72000000.0	597576.0
2111	tt13729232	The Origin of Evil	01	09	2022	123	FranceCanada	French	38000000.0	12000000.0
2115	tt13751210	Wish	08	11	2023	95	United States	English	175200000000.0	2549000000.0
2122	tt13769630	The Last Warrior: A Messenger of Darkness	23	12	2021	108	Russia	Russian	454000000.0	2196000000000.0
2135	tt13795334	Last Wish	13	12	2022	102	United States	English	90110000000.0	4853000000.0
2156	tt13830296	Love and Monsters	16	10	2020	109	United States	English	30000000.0	11000000.0
2183	tt13848804	Journey to Bethlehem	10	11	2023	98	United States	English	6000000.0	78000000.0
2201	tt13872598	Locked Down	14	01	2021	118	United States	English	3000000.0	346899.0
2202	tt13872598	Locked Down	14	01	2021	118	United Kingdom	English	3000000.0	346899.0
2220	tt13885428	Anweshippin Kandethum	09	02	2024	145	India	Malayalam	8.0	17.0
2257	tt13925862	Dad, I'm Sorry	12	03	2021	128	Vietnam	Vietnamese	3000000000.0	20000000000.0
2260	tt13932162	Secret Magic Control Agency	18	03	2021	104	Russia	\N	7000000.0	12000000.0
2261	tt13932162	Secret Magic Control Agency	18	03	2021	104	United States	\N	7000000.0	12000000.0
2263	tt13932844	Apocalypse Clown	01	09	2023	102	Ireland	English	2000000.0	12000.0
2268	tt13943594	Another Round	12	09	2020	116	Denmark	Danish	335.0	217000000.0
2269	tt13943594	Another Round	12	09	2020	116	Sweden	Danish	335.0	217000000.0
2270	tt13943594	Another Round	12	09	2020	116	Netherlands	Danish	335.0	217000000.0
2274	tt13957560	Dumb Money	08	09	2023	104	United States	English	30000000.0	207000000.0
2339	tt14039582	Drive My Car	11	07	2021	179	Japan	\N	13000000.0	154000000.0
2360	tt14060094	Blacklight	10	02	2022	104	Australia	English	43000000.0	16000000.0
2361	tt14060094	Blacklight	10	02	2022	104	United States	English	43000000.0	16000000.0
2395	tt14099796	The Goldfinger	30	12	2023	126	Hong Kong	Cantonese	350000000.0	856000000.0
2430	tt14140676	Kompromat	\N	03	2022	127	France	\N	82000000.0	428000000.0
2453	tt14162174	Last Wish	13	12	2022	102	United States	English	90110000000.0	4853000000.0
2454	tt14166428	Thunivu	11	01	2023	146	India	Tamil	200.0	190250.0
2466	tt14182646	Vendhu Thanindhathu Kaadu	15	09	2022	178	India	Tamil	30.0	85.0
2482	tt14208870	The Fabelmans	10	09	2022	151	United States	English	40000000.0	456000000.0
2485	tt14209916	Cocaine Bear	24	02	2023	95	United States	English	3035000000.0	90000000.0
2501	tt14225838	Io Capitano	06	09	2023	121	Italy	\N	11000000.0	7000000.0
2502	tt14225838	Io Capitano	06	09	2023	121	Belgium	\N	11000000.0	7000000.0
2503	tt14225838	Io Capitano	06	09	2023	121	France	\N	11000000.0	7000000.0
2507	tt14230388	Asteroid City	23	05	2023	105	United States	English	25000000.0	54000000.0
2508	tt14230458	Poor Things	01	09	2023	142	Ireland	English	35000000.0	1172000000.0
2509	tt14230458	Poor Things	01	09	2023	142	United Kingdom	English	35000000.0	1172000000.0
2510	tt14230458	Poor Things	01	09	2023	142	United States	English	35000000.0	1172000000.0
2535	tt14275050	More Than Ever	21	05	2022	123	France	\N	48000000.0	281448.0
2536	tt14275050	More Than Ever	21	05	2022	123	Germany	\N	48000000.0	281448.0
2537	tt14275050	More Than Ever	21	05	2022	123	Luxembourg	\N	48000000.0	281448.0
2538	tt14275050	More Than Ever	21	05	2022	123	Norway	\N	48000000.0	281448.0
2540	tt14280366	Kitchen Brigade	20	01	2022	97	France	French	55000000.0	33000000.0
2547	tt14299798	Sputnik	23	04	2020	113	Russia	Russian	190.0	354023.0
2576	tt14330236	Mack & Rita	10	08	2022	95	United States	English	500000.0	27000000.0
2585	tt14351082	Cabrini	08	03	2024	142	United States	\N	50000000.0	202000000.0
2590	tt14362112	Trolls Band Together	12	10	2023	92	United States	English	95000000.0	2096000000.0
2597	tt14370462	A Brighter Tomorrow	20	04	2023	96	Italy	Italian	123000000.0	66000000.0
2598	tt14370462	A Brighter Tomorrow	20	04	2023	96	France	Italian	123000000.0	66000000.0
2600	tt14371244	First Oscar	21	04	2022	116	Russia	\N	290000000.0	81000000.0
2627	tt14411774	Agent	28	04	2023	160	India	Telugu	85.0	85.0
2628	tt14412366	A Day to Die	04	03	2022	105	United States	English	5000000.0	98616.0
2639	tt14439896	Father Stu	05	04	2022	124	United States South Korea	English	4000000.0	218000000.0
2689	tt14506102	Tony, Shelly and the Magic Light	01	06	2023	82	Czech Republic  Slovakia  Hungary	Czech	5000000.0	450000.0
2698	tt14524640	Death Notice	18	08	2023	100	Hong Kong	Cantonese	16000000.0	615042.0
2700	tt14534796	Mascarade	27	05	2022	134	France	French	1415000000.0	67000000.0
2705	tt14539740	Godzilla x Kong: The New Empire	25	03	2024	115	United States	English	135150000000.0	5229000000.0
2709	tt14547524	National Champions	10	12	2021	116	United States	English	8000000.0	475488.0
2715	tt14555754	Locked Down	14	01	2021	118	United States	English	3000000.0	346899.0
2716	tt14555754	Locked Down	14	01	2021	118	United Kingdom	English	3000000.0	346899.0
2724	tt14564000	Guntur Kaaram	12	01	2024	159	India	Telugu	200.0	1715.0
2732	tt14576890	Last Wish	13	12	2022	102	United States	English	90110000000.0	4853000000.0
2771	tt1462764	Indiana Jones and the Dial of Destiny	18	05	2023	154	United States	English	295387000000.0	384000000.0
2783	tt1464335	Uncharted	07	02	2022	116	United States	English	120000000.0	4071000000.0
2785	tt14647404	Cat Person	21	01	2023	120	France	English	12000000.0	352093.0
2786	tt14647404	Cat Person	21	01	2023	120	United States	English	12000000.0	352093.0
2787	tt14648872	Kingmaker	26	01	2022	123	South Korea	Korean	12000000000.0	6000000.0
2793	tt14668630	Lyle, Lyle, Crocodile	07	10	2022	106	United States	English	50000000.0	111000000.0
2815	tt14771544	Hit	28	02	2020	130	India	Telugu	62.0	11.0
2842	tt14810692	Escape from Mogadishu	28	07	2021	121	South Korea	\N	24000000000.0	299000000.0
2843	tt14812238	Agent	28	04	2023	160	India	Telugu	85.0	85.0
2850	tt14818102	Wish	08	11	2023	95	United States	English	175200000000.0	2549000000.0
2861	tt14846026	Sisu	09	09	2022	91	Finland	\N	6000000.0	143000000.0
2862	tt14849194	The Holdovers	31	08	2023	133	United States	English	13000000.0	446000000.0
2872	tt14860210	Father & Soldier	18	05	2022	109	France	\N	14000000.0	85000000.0
2873	tt14860210	Father & Soldier	18	05	2022	109	Senegal	\N	14000000.0	85000000.0
2885	tt14878420	Bird Atlas	02	09	2021	92	Czech RepublicSlovakiaSlovenia	Czech	7.0	88081.0
2889	tt1488589	Guillermo del Toro's Pinocchio	15	10	2022	117	United States	English	35000000.0	109846.0
2890	tt1488589	Guillermo del Toro's Pinocchio	15	10	2022	117	Mexico	English	35000000.0	109846.0
2892	tt14888266	Major	24	05	2022	146	India	\N	32.0	6466.0
2934	tt14941222	Hostage: Missing Celebrity	18	08	2021	94	South Korea	Korean	8000000000.0	131000000.0
2936	tt14941698	Tad the Lost Explorer and the Emerald Tablet	24	08	2022	90	Spain	Spanish	11000000.0	328000000.0
2981	tt14993250	Rocky Aur Rani Kii Prem Kahaani	28	07	2023	168	India	Hindi	160.0	35561.0
2990	tt15003736	The Flash	12	06	2023	144	United States	English	200220000000.0	2713000000.0
2998	tt15009428	Argylle	24	01	2024	139	United Kingdom	English	200000000.0	962000000.0
2999	tt15009428	Argylle	24	01	2024	139	United States	English	200000000.0	962000000.0
3009	tt1502397	Bad Boys for Life	17	01	2020	124	United States	English	90000000.0	4265000000.0
3046	tt15078804	Problemista	14	03	2023	98	United States	English	12000000.0	25000000.0
3047	tt15078854	Bangarraju	14	01	2022	160	India	Telugu	25.0	66.0
3054	tt15090124	Mad God	05	08	2021	83	United States	English	150000.0	325042.0
3061	tt15096796	Monster Family 2	15	10	2021	103	GermanyUnited Kingdom	English	40000000.0	67000000.0
3079	tt15120152	Tanwa Savage	22	01	2021	\N	Nigeria	English	85000000.0	173000000.0
3109	tt15144140	Beshenstvo	23	02	2023	100	Russia	Russian	160000000.0	967000000.0
3116	tt15150424	Ayinla	13	06	2021	110	Nigeria	Yoruba	50.0	91470900.0
3121	tt15163652	Thunivu	11	01	2023	146	India	Tamil	200.0	190250.0
3133	tt1517268	Barbie	09	07	2023	114	United States	English	128145000000.0	1446000000000.0
3134	tt1517268	Barbie	09	07	2023	114	United Kingdom	English	128145000000.0	1446000000000.0
3165	tt15220110	Don't Worry Darling	05	09	2022	123	United States	English	35000000.0	876000000.0
3172	tt15239678	Dune: Part Two	06	02	2024	165	United States	English	190000000.0	7051000000.0
3178	tt15246038	Major	24	05	2022	146	India	\N	32.0	6466.0
3183	tt15255876	Emily the Criminal	24	01	2022	93	United States	English	152000000.0	22000000.0
3204	tt15281402	Waltair Veerayya	13	01	2023	160	India	Telugu	140.0	22570.0
3249	tt15327088	Kantara	30	09	2022	148	India	Kannada	16.0	400450.0
3273	tt15342244	Master Gardener	03	09	2022	111	United States	English	41000000.0	14000000.0
3311	tt15389042	Maria Montessori	05	10	2023	114	France	\N	3600000.0	2469000.0
3312	tt15389042	Maria Montessori	05	10	2023	114	Italy	\N	3600000.0	2469000.0
3324	tt15398776	Oppenheimer	11	07	2023	180	United States	English	100000000.0	9748000000.0
3325	tt15398776	Oppenheimer	11	07	2023	180	United Kingdom	English	100000000.0	9748000000.0
3360	tt15433754	Kishmish	29	04	2022	141	India	Bengali	14.0	475.0
3363	tt15433956	Hanu Man	12	01	2024	158	India	Telugu	40.0	330.0
3370	tt15441054	Gadar 2	11	08	2023	170	India	Hindi	60.0	69108.0
3436	tt15504128	Barbie	09	07	2023	114	United States	English	128145000000.0	1446000000000.0
3437	tt15504128	Barbie	09	07	2023	114	United Kingdom	English	128145000000.0	1446000000000.0
3445	tt15516174	Thappad	28	02	2020	142	India	Hindi	24.0	4454.0
3502	tt15575470	Project Wolf Hunting	16	09	2022	112	South Korea	Korean	12.0	39000000.0
3533	tt15679400	Knock at the Cabin	30	01	2023	100	United States	English	20000000.0	548000000.0
3592	tt15783544	Saving Pushkin	21	10	2021	160	Russia	Russian	209000000.0	3000000.0
3601	tt15816190	Ravanasura	07	04	2023	140	India	Telugu	50.0	231.0
3602	tt15816336	Nadikar	03	05	2024	140	India	Malayalam	40.0	539.0
3615	tt15837338	PAW Patrol: The Mighty Movie	29	09	2023	87	Canada	English	30000000.0	2022000000.0
3622	tt15839462	Hit	28	02	2020	130	India	Telugu	62.0	11.0
3636	tt15847548	Megan	07	12	2022	102	United States	English	12000000.0	181000000.0
3654	tt15939798	Barbie	09	07	2023	114	United States	English	128145000000.0	1446000000000.0
3655	tt15939798	Barbie	09	07	2023	114	United Kingdom	English	128145000000.0	1446000000000.0
3661	tt1596557	The Tiger Rising	21	01	2022	102	United States	English	10000000.0	11000000.0
3672	tt16026684	Beyond Infinity: Buzz and the Journey to Lightyear	08	06	2022	105	United States	English	200000000.0	2264000000.0
3740	tt16280138	Magic Mike's Last Dance	25	01	2023	112	United States	English	45000000.0	571000000.0
3749	tt1630029	Avatar: The Way of Water	06	12	2022	192	United States	English	350460000000.0	2320000000000.0
3759	tt1634106	Bloodshot	10	03	2020	109	United States	English	45000000.0	373000000.0
3784	tt16392952	A Brighter Tomorrow	20	04	2023	96	Italy	Italian	123000000.0	66000000.0
3785	tt16392952	A Brighter Tomorrow	20	04	2023	96	France	Italian	123000000.0	66000000.0
3787	tt16402818	The Civil Dead	27	01	2022	104	United States	English	30000.0	32346.0
3799	tt16426418	Challengers	26	03	2024	131	United States	English	55000000.0	346000000.0
3816	tt16463406	Host	30	07	2020	56	United Kingdom	English	100000.0	443807.0
3821	tt16495558	Last Wish	13	12	2022	102	United States	English	90110000000.0	4853000000.0
3840	tt16606810	Agent	28	04	2023	160	India	Telugu	85.0	85.0
3849	tt16673724	Origin	06	09	2023	141	United States	English	38000000.0	49000000.0
3854	tt16731908	A Brighter Tomorrow	20	04	2023	96	Italy	Italian	123000000.0	66000000.0
3855	tt16731908	A Brighter Tomorrow	20	04	2023	96	France	Italian	123000000.0	66000000.0
3860	tt16751740	Lochya Zaala Re	04	02	2022	\N	India	Marathi	45.0	17.0
3864	tt16756942	Ah Girls Go Army	01	02	2022	120	Singapore	\N	2000000.0	25000000.0
3878	tt16915972	Satan's Slaves 2: Communion	04	08	2022	119	Indonesia	Indonesian	1000000.0	193000000.0
3893	tt1697800	Die in a Gunfight	16	07	2021	92	United States	English	4000000.0	31395.0
3907	tt17009710	Anatomy of a Fall	21	05	2023	152	France	\N	62000000.0	355000000.0
3910	tt17024450	The Equalizer 3	28	08	2023	109	United States	\N	70000000.0	1911000000.0
3926	tt17081130	Pleasant Goat and Big Big Wolf: Dunk for Future	01	02	2022	94	China	\N	35000000.0	160331000000.0
3932	tt17164540	Ishrat Made in China	03	03	2022	\N	Pakistan	Urdu	15.0	65.0
3943	tt17277414	Jeanne du Barry	16	05	2023	116	France	French	224000000.0	138000000.0
3944	tt17277414	Jeanne du Barry	16	05	2023	116	Belgium	French	224000000.0	138000000.0
3945	tt17277414	Jeanne du Barry	16	05	2023	116	United Kingdom	French	224000000.0	138000000.0
3949	tt17279496	Civil War	14	03	2024	109	United Kingdom	English	50000000.0	931000000.0
3950	tt17279496	Civil War	14	03	2024	109	United States	English	50000000.0	931000000.0
3972	tt1745960	Top Gun: Maverick	28	04	2022	130	United States	English	170177000000.0	1496000000000.0
3974	tt17491040	The Pirates: The Last Royal Treasure	26	01	2022	126	South Korea	Korean	235000000000.0	103000000.0
3975	tt17491616	Kingmaker	26	01	2022	123	South Korea	Korean	12000000000.0	6000000.0
3998	tt17527468	Bottoms	11	03	2023	91	United States	English	113000000.0	136000000.0
4000	tt17541454	Hacked	07	02	2020	118	India	Hindi	450.0	182.0
4014	tt17663992	Scream VI	06	03	2023	122	United States	English	3335000000.0	1691000000.0
4035	tt18072376	The Situation of Mehdi	01	02	2022	100	Iran	\N	0.0	254000000000.0
4040	tt18079362	80 for Brady	03	02	2023	98	United States	English	28000000.0	404000000.0
4095	tt18286194	Where the Wind Blows	15	08	2022	144	Hong Kong	Cantonese	38000000.0	87000000.0
4105	tt18317482	Imaginary	08	03	2024	104	United States	English	1013000000.0	39000000.0
4125	tt1838556	Honest Thief	16	10	2020	99	United States	English	30000000.0	326000000.0
4146	tt18550182	R.M.N.	21	05	2022	125	Romania	\N	28000000.0	686683.0
4147	tt18550182	R.M.N.	21	05	2022	125	France	\N	28000000.0	686683.0
4148	tt18550182	R.M.N.	21	05	2022	125	Belgium	\N	28000000.0	686683.0
4153	tt18557856	Flee	28	01	2021	90	Denmark	\N	34000000.0	2000000.0
4154	tt18557856	Flee	28	01	2021	90	France	\N	34000000.0	2000000.0
4155	tt18557856	Flee	28	01	2021	90	Norway	\N	34000000.0	2000000.0
4156	tt18557856	Flee	28	01	2021	90	Sweden	\N	34000000.0	2000000.0
4157	tt18557856	Flee	28	01	2021	90	United Kingdom	\N	34000000.0	2000000.0
4158	tt18557856	Flee	28	01	2021	90	United States	\N	34000000.0	2000000.0
4162	tt1856080	The Boys in the Boat	07	12	2023	124	United States	English	40000000.0	554000000.0
4164	tt18561736	The Great Indian Family	22	09	2023	112	India	Hindi	40.0	565.0
4180	tt1877830	The Batman	01	03	2022	176	United States	English	185200000000.0	7722000000.0
4182	tt1879016	Operation Mincemeat	05	11	2021	128	United Kingdom	English	63000000.0	157000000.0
4183	tt1879016	Operation Mincemeat	05	11	2021	128	United States	English	63000000.0	157000000.0
4203	tt18966752	Take Me to the River: New Orleans	20	04	2022	110	United States	English	500000.0	43563.0
4204	tt18968540	Incantation	18	03	2022	111	Taiwan	\N	1000000.0	57000000.0
4219	tt1924245	Cry Macho	17	09	2021	104	United States	\N	33000000.0	165000000.0
4243	tt19365538	Golui	03	05	2022	160	Bangladesh	Bengali	25.0	5.0
4277	tt19623240	Winnie-the-Pooh: Blood and Honey	26	01	2023	84	United Kingdom	English	50000.0	52000000.0
4292	tt19712392	Hit	28	02	2020	130	India	Telugu	62.0	11.0
4342	tt19844000	The Green Knight	30	07	2021	130	United States	English	15000000.0	189000000.0
4343	tt19844000	The Green Knight	30	07	2021	130	Canada	English	15000000.0	189000000.0
4359	tt19864472	The Beast in the Jungle	17	02	2023	\N	France	French	3000000.0	54756.0
4360	tt19864472	The Beast in the Jungle	17	02	2023	\N	Belgium	French	3000000.0	54756.0
4361	tt19864472	The Beast in the Jungle	17	02	2023	\N	Austria	French	3000000.0	54756.0
4362	tt19864802	Land of Bad	16	02	2024	114	United States	English	187000000.0	65000000.0
4370	tt19879660	Dharmaveer	13	05	2022	167	India	Marathi	8.0	2258.0
4371	tt19880808	The Last Wish	13	12	2022	102	United States	English	90110000000.0	4853000000.0
4385	tt19890316	What Happens Later	03	11	2023	104	United States	English	3000000.0	34000000.0
4407	tt20168564	Alienoid	20	07	2022	142	South Korea	Korean	33000000000.0	126000000.0
4417	tt20203920	A Brighter Tomorrow	20	04	2023	96	Italy	Italian	123000000.0	66000000.0
4418	tt20203920	A Brighter Tomorrow	20	04	2023	96	France	Italian	123000000.0	66000000.0
4434	tt20225374	Vesper	02	07	2022	114	Lithuania	English	5000000.0	1576000000.0
4435	tt20225374	Vesper	02	07	2022	114	France	English	5000000.0	1576000000.0
4436	tt20225374	Vesper	02	07	2022	114	Belgium	English	5000000.0	1576000000.0
4440	tt20234774	Wicked Little Letters	09	09	2023	100	United Kingdom	English	126000000.0	238000000.0
4444	tt20242416	Maamannan	29	06	2023	155	India	Tamil	35.0	52.0
4448	tt20251542	Marinette	07	06	2023	95	France	French	557000000.0	31108.0
4457	tt20259704	Pravednik	16	02	2023	163	Russia	\N	719000000.0	638000000.0
4462	tt20330434	The Crime Is Mine	21	01	2023	102	France	French	137000000.0	104000000.0
4469	tt20415200	Renfield	30	03	2023	93	United States	English	65000000.0	269000000.0
4493	tt20600384	Benediction	12	09	2021	137	United Kingdom	\N	5000000.0	848834.0
4494	tt20600384	Benediction	12	09	2021	137	United States	\N	5000000.0	848834.0
4510	tt20766074	Ah Girls Go Army Again	01	02	2022	120	Singapore	\N	2000000.0	25000000.0
4511	tt2076822	Chaos Walking	24	02	2021	109	United States	English	100125000000.0	271000000.0
4512	tt20768712	Book Club: The Next Chapter	12	05	2023	108	United States	English	20000000.0	291000000.0
4515	tt20771612	Project Gemini	06	01	2022	98	Russia	\N	65000000.0	5000000.0
4534	tt20851874	Fourth of July	30	06	2022	90	United States	English	2000000.0	325070.0
4536	tt20854842	Ved	30	12	2022	148	India	Marathi	15.0	75.0
4544	tt20866724	Past Lives	21	01	2023	106	United States	\N	12000000.0	387000000.0
4553	tt21027780	Fallen Leaves	22	05	2023	81	Finland	Finnish	14000000.0	86000000.0
4554	tt21027780	Fallen Leaves	22	05	2023	81	Germany	Finnish	14000000.0	86000000.0
4558	tt21040278	Wendy	26	01	2020	112	United States	English	6000000.0	266770.0
4567	tt21048798	HIT	28	02	2020	130	India	Telugu	62.0	11.0
4569	tt21052430	Wish	08	11	2023	95	United States	English	175200000000.0	2549000000.0
4571	tt21054472	We Have Never Been Modern	01	07	2023	117	Czech RepublicSlovakia	Czech	0.0	783801.0
4574	tt21064584	The Iron Claw	08	11	2023	132	United Kingdom	English	159000000.0	451000000.0
4575	tt21064584	The Iron Claw	08	11	2023	132	United States	English	159000000.0	451000000.0
4597	tt21109538	Hansan: Rising Dragon	27	07	2022	129	South Korea	\N	312000000000.0	557000000.0
4605	tt21148018	Full River Red	22	01	2023	159	China	Mandarin	500.0	6346000000.0
4612	tt21158466	Jailer	10	08	2023	168	India	Tamil	200.0	607650.0
4613	tt21160106	Raiders of the Lost Library	27	10	2022	\N	Russia	Russian	400000000.0	234000000.0
4618	tt21188080	Lisa Frankenstein	09	02	2024	101	United States	English	13000000.0	99000000.0
4626	tt21201544	Black Tea	21	02	2024	111	France	\N	6360000.0	518000.0
4627	tt21201544	Black Tea	21	02	2024	111	Mauritania	\N	6360000.0	518000.0
4628	tt21201544	Black Tea	21	02	2024	111	Luxembourg	\N	6360000.0	518000.0
4629	tt21201544	Black Tea	21	02	2024	111	Taiwan	\N	6360000.0	518000.0
4630	tt21201544	Black Tea	21	02	2024	111	Ivory Coast	\N	6360000.0	518000.0
4652	tt21235248	Ghostbusters: Frozen Empire	14	03	2024	115	United States	English	100000000.0	1951000000.0
4684	tt21291998	Girls Got Game	01	09	2021	90	Russia	Russian	923000000.0	12000000.0
4697	tt21307994	Skinamarink	25	07	2022	100	Canada	English	15000.0	21000000.0
4742	tt21374324	Underwater	10	01	2020	95	United States	English	5065000000.0	409000000.0
4757	tt21383812	Crew	29	03	2024	118	India	Hindi	75.0	15291.0
4766	tt2140571	The Broken Hearts Gallery	03	09	2020	108	Canada	English	8000000.0	48000000.0
4767	tt2140571	The Broken Hearts Gallery	03	09	2020	108	United States	English	8000000.0	48000000.0
4815	tt21626284	Laapataa Ladies	08	09	2023	124	India	Hindi	45.0	2165.0
4826	tt21692408	Kung Fu Panda 4	03	03	2024	94	United States	English	85000000.0	520000000.0
4836	tt21800162	There's Still Tomorrow	18	10	2023	118	Italy	\N	5000000.0	441000000.0
4841	tt21807222	Saw X	29	09	2023	118	United States	English	13000000.0	1118000000.0
4860	tt21828496	Neneh Superstar	03	06	2022	\N	France	French	54000000.0	424548.0
4867	tt21840706	Host	30	07	2020	56	United Kingdom	English	100000.0	443807.0
4872	tt21857476	Black Tea	21	02	2024	111	France	\N	6360000.0	518000.0
4873	tt21857476	Black Tea	21	02	2024	111	Mauritania	\N	6360000.0	518000.0
4874	tt21857476	Black Tea	21	02	2024	111	Luxembourg	\N	6360000.0	518000.0
4875	tt21857476	Black Tea	21	02	2024	111	Taiwan	\N	6360000.0	518000.0
4876	tt21857476	Black Tea	21	02	2024	111	Ivory Coast	\N	6360000.0	518000.0
4882	tt21867370	Confidential Assignment 2: International	07	09	2022	\N	South Korea	Korean	18000000000.0	563000000.0
4883	tt21867434	BlackBerry	17	02	2023	121	Canada	English	5000000.0	29000000.0
4884	tt21867590	The Sparring Partner	27	10	2022	138	Hong Kong	\N	10000000.0	43000000.0
4930	tt21953638	Sinkhole	06	08	2021	117	South Korea	Korean	15000000000.0	188000000.0
4937	tt21973492	Crew	29	03	2024	118	India	Hindi	75.0	15291.0
4938	tt21973570	Wish	08	11	2023	95	United States	English	175200000000.0	2549000000.0
4949	tt21994228	Black Tea	21	02	2024	111	France	\N	6360000.0	518000.0
4950	tt21994228	Black Tea	21	02	2024	111	Mauritania	\N	6360000.0	518000.0
4951	tt21994228	Black Tea	21	02	2024	111	Luxembourg	\N	6360000.0	518000.0
4952	tt21994228	Black Tea	21	02	2024	111	Taiwan	\N	6360000.0	518000.0
4953	tt21994228	Black Tea	21	02	2024	111	Ivory Coast	\N	6360000.0	518000.0
4961	tt22004344	Snack Shack	13	03	2024	112	United States	English	45000000.0	455708.0
4971	tt22027654	Jaya Jaya Jaya Jaya Hey	28	10	2022	140	India	Malayalam	56.0	50.0
4972	tt22030458	Aline	13	07	2021	128	FranceCanada	\N	236.0	111000000.0
4977	tt22037066	Malikappuram	30	12	2022	120	India	Malayalam	35.0	53.0
4978	tt22041854	Priscilla	04	09	2023	114	United States	English	20000000.0	329000000.0
4988	tt22058346	Host	30	07	2020	56	United Kingdom	English	100000.0	443807.0
4989	tt22058462	Origin	06	09	2023	141	United States	English	38000000.0	49000000.0
4995	tt22086334	Dream Girl 2	25	08	2023	134	India	Hindi	35.0	14056.0
5004	tt22170036	Captain Miller	12	01	2024	157	India	Tamil	50.0	10479.0
5020	tt2222042	Love and Monsters	16	10	2020	109	United States	English	30000000.0	11000000.0
5046	tt22336444	Karnasubarner Guptodhon	30	09	2022	128	India	Bengali	15.0	92.0
5049	tt2235372	Son of the South	26	08	2020	105	United States	English	55000000.0	48582.0
5076	tt22488024	Sakra	16	01	2023	130	Hong KongChina	\N	150000000.0	3582391.0
5078	tt22489564	Har Har Mahadev	25	10	2022	162	India	Marathi	10.0	25.0
5080	tt22490390	Bros	09	09	2022	115	United States	English	22000000.0	148000000.0
5085	tt22507524	12.12: The Day	22	11	2023	141	South Korea	Korean	23.0	975000000.0
5099	tt22643896	Love & Revolution	06	07	2023	\N	Spain	Spanish	275000000.0	55000000.0
5103	tt22687790	A Haunting in Venice	11	09	2023	103	United States	English	60000000.0	1223000000.0
5141	tt22866358	The Book of Clarence	11	10	2023	129	United States	English	40000000.0	62000000.0
5159	tt22900230	Snegir	08	06	2023	116	Russia	Russian	300000000.0	55000000.0
5171	tt23023596	Malaikottai Vaaliban	25	01	2024	156	India	Malayalam	65.0	35.0
5181	tt23050038	Lord of the Wind	05	10	2023	94	Russia	Russian	850000000.0	56000000.0
5182	tt23052688	Wish	08	11	2023	95	United States	English	175200000000.0	2549000000.0
5188	tt23136186	Sewu Dino	19	04	2023	121	Indonesia	\N	12000000.0	109000000.0
5203	tt23289160	Godzilla Minus One	18	10	2023	125	Japan	Japanese	1012000000.0	1158000000.0
5209	tt23330554	Winnie-the-Pooh: Blood and Honey 2	18	03	2024	94	United Kingdom	English	1000000.0	686775.0
5219	tt23476446	Daaaaaali!	07	09	2023	79	France	French	67000000.0	37000000.0
5225	tt23554840	The Vaccine War	28	09	2023	161	India	Hindi	10.0	947.0
5229	tt23561236	American Fiction	08	09	2023	117	United States	English	10000000.0	23000000.0
5242	tt23638614	Unsung Hero	26	04	2024	112	United States	English	6000000.0	131000000.0
5256	tt23732594	Strange World	15	11	2022	102	United States	English	135180000000.0	736000000.0
5258	tt23752056	Mission: Chapter 1	12	01	2024	110	India	Tamil	10.0	23.0
5261	tt23770624	Sinkhole	06	08	2021	117	South Korea	Korean	15000000000.0	188000000.0
5270	tt23789874	Guest from the Future	14	04	2024	142	Russia	Russian	900000000.0	746000000.0
5271	tt23790602	Naa Saami Ranga	14	01	2024	146	India	Telugu	45.0	3749.0
5280	tt2382320	No Time to Die	28	09	2021	163	United Kingdom	English	250301000000.0	7742000000.0
5281	tt2382320	No Time to Die	28	09	2021	163	United States	English	250301000000.0	7742000000.0
5294	tt23859468	Wish	08	11	2023	95	United States	English	175200000000.0	2549000000.0
5308	tt2397461	Clifford the Big Red Dog	26	08	2021	96	Canada	English	64000000.0	1074000000.0
5309	tt2397461	Clifford the Big Red Dog	26	08	2021	96	United States	English	64000000.0	1074000000.0
5315	tt24059780	Virupaksha	21	04	2023	146	India	Telugu	40.0	9085.0
5347	tt2420124	Wendy	26	01	2020	112	United States	English	6000000.0	266770.0
5349	tt24218390	My Heart Puppy	31	10	2022	113	South Korea	Korean	3000000000.0	13000000.0
5361	tt24306822	Origin	06	09	2023	141	United States	English	38000000.0	49000000.0
5407	tt25134642	Main Atal Hoon	19	01	2024	137	India	Hindi	20.0	12.0
5408	tt25135186	Matthew Passion	19	10	2023	120	Russia	Russian	60000000.0	80000000.0
5418	tt25355986	Hacked	07	02	2020	118	India	Hindi	450.0	182.0
5421	tt25396050	Subhedar	25	08	2023	154	India	Marathi	10.0	18.0
5455	tt25965608	Broad Day	01	02	2021	126	United States	English	26000000.0	74000000.0
5456	tt25965608	Broad Day	01	02	2021	126	Canada	English	26000000.0	74000000.0
5461	tt26047818	Anyone But You	11	12	2023	103	United States	English	25000000.0	2192000000.0
5471	tt26218928	First Case	28	02	2020	130	India	Telugu	62.0	11.0
5473	tt26234970	Gandeevadhari Arjuna	25	08	2023	136	India	Telugu	46.0	302.0
5477	tt26238856	Five Eyes	04	01	2023	114	United States	English	50000000.0	49000000.0
5478	tt26238856	Five Eyes	04	01	2023	114	United Kingdom	English	50000000.0	49000000.0
5481	tt26245310	The Last Wish	13	12	2022	102	United States	English	90110000000.0	4853000000.0
5518	tt26445355	Vadakkupatti Ramasamy	02	02	2024	140	India	Tamil	12.0	20.0
5530	tt26457132	Covers	29	05	2020	113	United States	English	20000000.0	25000000.0
5531	tt26458038	Manjummel Boys	22	02	2024	135	India	Malayalam	20.0	2423.0
5554	tt26598714	Unsubscribe	10	06	2020	29	United States	\N	0.0	25488.0
5560	tt26655108	Family Star	05	04	2024	157	India	Telugu	50.0	1978.0
5563	tt26658104	Imaginary	08	03	2024	104	United States	English	1013000000.0	391000000.0
5565	tt26660615	Life for Real	19	04	2023	110	France	French	313000000.0	1000000.0
5566	tt26660615	Life for Real	19	04	2023	110	Belgium	French	313000000.0	1000000.0
5579	tt26684414	Hit	28	02	2020	130	India	Telugu	62.0	11.0
5582	tt26690825	Balagam	03	03	2023	129	India	Telugu	3.0	2672.0
5603	tt26742232	Hit	28	02	2020	130	India	Telugu	62.0	11.0
5607	tt26744208	Kaatera	29	12	2023	183	India	Kannada	45.0	67.0
5631	tt26761553	Full Time	02	09	2021	88	France	French	27000000.0	19000000.0
5654	tt26915336	Mars Express	23	05	2023	85	France	French	9000000.0	12000000.0
5659	tt26927937	Underwater	10	01	2020	95	United States	English	5065000000.0	409000000.0
5660	tt26929966	The White Storm 3: Heaven or Hell	27	07	2023	125	Hong Kong	Cantonese	300000000.0	10503821.0
5672	tt26997803	Bhimaa	08	03	2024	141	India	Telugu	28.0	145.0
5685	tt27051116	First Case	28	02	2020	130	India	Telugu	62.0	11.0
5703	tt27118258	Saindhav	13	01	2024	138	India	Telugu	55.0	2504.0
5715	tt27155038	Ruby Gillman: Teenage Kraken	15	06	2023	91	United States	English	70000000.0	461000000.0
5718	tt27160637	Be Water, My Friend	29	06	2023	\N	Hong Kong	Cantonese	40000000.0	16000000.0
5720	tt27163971	Dumb Money	08	09	2023	104	United States	English	30000000.0	207000000.0
5721	tt27171776	Yaathisai	21	04	2023	121	India	Tamil	10.0	20.0
5743	tt27241513	Khitrovka. The Sign of Four	18	05	2023	129	Russia	Russian	200000000.0	1056000000.0
5758	tt27310552	Kingmaker	26	01	2022	123	South Korea	Korean	12000000000.0	6000000.0
5759	tt27327494	A Very Good Girl	27	09	2023	117	Philippines	\N	2000000.0	100000000.0
5794	tt27431598	Bramayugam	15	02	2024	140	India	Malayalam	2773.0	5870.0
5804	tt27445004	Abang Adik	01	12	2023	115	Malaysia	\N	653000.0	348000000.0
5812	tt27459160	Teri Baaton Mein Aisa Uljha Jiya	09	02	2024	143	India	Hindi	75.0	13364.0
5830	tt27496886	The Matrix Resurrections	18	12	2021	148	United States	English	190000000.0	1592000000.0
5835	tt27502506	The King of Algiers	20	05	2023	92	France	\N	5490000.0	2199216.0
5857	tt27525441	Megan	07	12	2022	102	United States	English	12000000.0	181000000.0
5877	tt27554611	Uncharted	07	02	2022	116	United States	English	120000000.0	407000000.0
5882	tt27566312	Love Again	05	05	2023	104	United States	English	9000000.0	127000000.0
5906	tt27647771	The Last Wish	13	12	2022	102	United States	English	90110000000.0	4853000000.0
6038	tt27996820	Bidrohi	03	05	2022	\N	Bangladesh	Bengali	35.0	1.0
6058	tt28091008	Till	01	10	2022	130	United Kingdom	English	20000000.0	114000000.0
6059	tt28091008	Till	01	10	2022	130	United States	English	20000000.0	114000000.0
6071	tt28131707	Freaky	08	10	2020	101	United States	English	6000000.0	181000000.0
6085	tt28185868	Kina & Yuk	27	12	2023	\N	France	French	2166046.0	2166046.0
6086	tt28185868	Kina & Yuk	27	12	2023	\N	Italy	French	2166046.0	2166046.0
6087	tt28185868	Kina & Yuk	27	12	2023	\N	Canada	French	2166046.0	2166046.0
6088	tt28187391	Barbie	09	07	2023	114	United States	English	128145000000.0	1446000000000.0
6089	tt28187391	Barbie	09	07	2023	114	United Kingdom	English	128145000000.0	1446000000000.0
6097	tt28221135	Bastar: The Naxal Story	15	03	2024	124	India	Hindi	15.0	1793.0
6100	tt28228231	Priyotoma	29	06	2023	140	Bangladesh	Bengali	25.0	43.0
6131	tt28288786	Premalu	09	02	2024	156	India	Malayalam	9.0	136.0
6162	tt28358950	Neru	21	12	2023	152	India	Malayalam	12.0	90.0
6218	tt2850386	The Croods: A New Age	25	11	2020	95	United States	English	65000000.0	216000000.0
6221	tt28512820	Flee	28	01	2021	90	Denmark	\N	34000000.0	2000000.0
6222	tt28512820	Flee	28	01	2021	90	France	\N	34000000.0	2000000.0
6223	tt28512820	Flee	28	01	2021	90	Norway	\N	34000000.0	2000000.0
6224	tt28512820	Flee	28	01	2021	90	Sweden	\N	34000000.0	2000000.0
6225	tt28512820	Flee	28	01	2021	90	United Kingdom	\N	34000000.0	2000000.0
6226	tt28512820	Flee	28	01	2021	90	United States	\N	34000000.0	2000000.0
6237	tt28542214	Hacked	07	02	2020	118	India	Hindi	450.0	182.0
6242	tt28547912	Sheriff	18	04	2024	112	Malaysia	Malay	6000000.0	55000000.0
6252	tt28601183	The Last Wish	13	12	2022	102	United States	English	90110000000.0	4853000000.0
6272	tt28642445	Covers	29	05	2020	113	United States	English	20000000.0	25000000.0
6298	tt28691667	Barbie	09	07	2023	114	United States	English	128145000000.0	1446000000000.0
6299	tt28691667	Barbie	09	07	2023	114	United Kingdom	English	128145000000.0	1446000000000.0
6326	tt28814949	Taylor Swift: The Eras Tour	11	10	2023	169	United States	English	15000000.0	2671000000.0
6359	tt2906216	Dungeons & Dragons: Honor Among Thieves	10	03	2023	134	United States	English	150000000.0	2082000000.0
6377	tt29194123	Love Again	05	05	2023	104	United States	English	9000000.0	127000000.0
6382	tt29199176	Imaginary	08	03	2024	104	United States	English	1013000000.0	391000000.0
6429	tt29430934	Saw IX	14	05	2021	93	United States	English	20000000.0	406000000.0
6430	tt29432003	Locked Down	14	01	2021	118	United States	English	3000000.0	346899.0
6431	tt29432003	Locked Down	14	01	2021	118	United Kingdom	English	3000000.0	346899.0
6438	tt29466107	Oppenheimer	11	07	2023	180	United States	English	100000000.0	9758000000.0
6439	tt29466107	Oppenheimer	11	07	2023	180	United Kingdom	English	100000000.0	9758000000.0
6449	tt2953050	Encanto	03	11	2021	102	United States	English	120150000000.0	2568000000.0
6452	tt29541059	Ekda Yeun Tar Bagha	08	12	2023	\N	India	Marathi	4.0	503.0
6459	tt29550375	Panchak	05	02	2023	137	India	Marathi	3.0	419.0
6466	tt29609422	Death Whisperer	26	10	2023	121	Thailand	Thai	20000000.0	19753000000.0
6491	tt29721567	Vesper	02	07	2022	114	Lithuania	English	5000000.0	1576000000.0
6492	tt29721567	Vesper	02	07	2022	114	France	English	5000000.0	1576000000.0
6493	tt29721567	Vesper	02	07	2022	114	Belgium	English	5000000.0	1576000000.0
6496	tt29740052	Ole Aale	05	01	2024	146	India	Marathi	3.0	833.0
6516	tt29931098	Host	30	07	2020	56	United Kingdom	English	100000.0	443807.0
6568	tt30310780	Imaginary	08	03	2024	104	United States	English	1013000000.0	391000000.0
6605	tt30497782	Shivrayancha Chhava	16	02	2024	145	India	Marathi	8.0	1120.0
6644	tt30803479	The Secrets We Keep	16	09	2020	97	United States	English	72000000.0	597576.0
6667	tt30889257	Khadari	09	02	2024	122	India	Punjabi	6.0	15.0
6684	tt30970235	Article 370	23	02	2024	158	India	Hindi	20.0	11057.0
6686	tt30970772	Cat Person	21	01	2023	120	France	English	12000000.0	352093.0
6687	tt30970772	Cat Person	21	01	2023	120	United States	English	12000000.0	352093.0
6716	tt31039417	Hatching	23	01	2022	91	Finland	Finnish	395000000.0	659009.0
6755	tt31227384	Onward	21	02	2020	102	United States	English	175200000000.0	142000000.0
6795	tt3152592	Scoob!	15	05	2020	94	United States	English	90000000.0	285000000.0
6828	tt3172162	Wish	08	11	2023	95	United States	English	175200000000.0	255000000.0
6829	tt31761436	Vesper	02	07	2022	114	Lithuania	English	5000000.0	1576000000.0
6830	tt31761436	Vesper	02	07	2022	114	France	English	5000000.0	1576000000.0
6831	tt31761436	Vesper	02	07	2022	114	Belgium	English	5000000.0	1576000000.0
6834	tt31797079	The Defective Detectives	21	07	2023	\N	India	Marathi	350.0	1001.0
6841	tt31835725	Mahajatra	22	03	2024	\N	Nepal	Nepali	25.0	2708.0
6856	tt31962362	Easter Sunday	05	08	2022	96	United States	\N	17000000.0	131000000.0
6867	tt32080328	The Last Wish	13	12	2022	102	United States	English	90110000000.0	4853000000.0
6908	tt3228774	Cruella	18	05	2021	134	United States	English	100200000000.0	2335000000.0
6914	tt3291150	The Expendables 4	15	09	2023	104	United States	English	100000000.0	511000000.0
6921	tt3454424	Where Is Anne Frank	09	07	2021	99	Belgium	English	20000000.0	752750.0
6922	tt3454424	Where Is Anne Frank	09	07	2021	99	Luxembourg	English	20000000.0	752750.0
6923	tt3454424	Where Is Anne Frank	09	07	2021	99	France	English	20000000.0	752750.0
6924	tt3454424	Where Is Anne Frank	09	07	2021	99	Netherlands	English	20000000.0	752750.0
6925	tt3454424	Where Is Anne Frank	09	07	2021	99	Israel	English	20000000.0	752750.0
6928	tt3513500	Chip 'n Dale: Rescue Rangers	16	05	2022	97	United States	English	70000000.0	623190.0
6931	tt3547306	Cut Throat City	21	08	2020	123	United States	English	89000000.0	864928.0
6933	tt3554046	Space Jam: A New Legacy	12	07	2021	115	United States	English	150000000.0	1637000000.0
6938	tt3679040	Kisi Ka Bhai Kisi Ki Jaan	21	04	2023	144	India	Hindi	125.0	18244.0
6946	tt3794354	Sonic the Hedgehog	25	01	2020	99	United States	English	8590000000.0	3197000000.0
6947	tt3794354	Sonic the Hedgehog	25	01	2020	99	Japan	English	8590000000.0	3197000000.0
6949	tt3804810	Even Mice Belong in Heaven	07	10	2021	87	Czech RepublicFrancePolandSlovakia	Czech	2000000.0	8013522.0
6954	tt3915174	Puss in Boots: The Last Wish	13	12	2022	102	United States	English	90110000000.0	4853000000.0
6968	tt4123432	Fantastic Beasts: The Secrets of Dumbledore	29	03	2022	142	United Kingdom	English	200000000.0	4072000000.0
6969	tt4123432	Fantastic Beasts: The Secrets of Dumbledore	29	03	2022	142	United States	English	200000000.0	4072000000.0
6982	tt4351684	Tar	01	09	2022	158	United States	English	25000000.0	292000000.0
6983	tt4351684	Tar	01	09	2022	158	Germany	English	25000000.0	292000000.0
6986	tt4411584	The Secret: Dare to Dream	31	07	2020	107	United States	English	92000000.0	32000000.0
6987	tt4428398	Paws of Fury: The Legend of Hank	10	07	2022	98	United Kingdom	English	45000000.0	425000000.0
6988	tt4428398	Paws of Fury: The Legend of Hank	10	07	2022	98	United States	English	45000000.0	425000000.0
6989	tt4428398	Paws of Fury: The Legend of Hank	10	07	2022	98	China	English	45000000.0	425000000.0
7003	tt4495098	Gran Turismo	30	07	2023	134	United States	English	60000000.0	1221000000.0
7004	tt4513678	Ghostbusters: Afterlife	23	08	2021	124	United States	English	75000000.0	2043000000.0
7006	tt4532038	The War with Grandpa	28	08	2020	94	United States	English	38000000.0	434000000.0
7013	tt4589218	Five Nights at Freddy's	25	10	2023	109	United States	English	20000000.0	2972000000.0
7022	tt4682266	The New Mutants	28	08	2020	94	United States	English	6780000000.0	492000000.0
7023	tt4685762	The Craft: Legacy	28	10	2020	97	United States	English	18000000.0	23000000.0
7031	tt4823776	The SpongeBob Movie: Sponge on the Run	14	08	2020	91	United States	English	60000000.0	48000000.0
7043	tt4960748	Till	01	10	2022	130	United Kingdom	English	20000000.0	114000000.0
7044	tt4960748	Till	01	10	2022	130	United States	English	20000000.0	114000000.0
7049	tt4996328	Ordinary Angels	23	02	2024	118	United States	English	1213000000.0	195000000.0
7051	tt5034838	Godzilla vs. Kong	24	03	2021	113	United States	English	155200000000.0	4701000000.0
7052	tt5090568	Transformers: Rise of the Beasts	27	05	2023	127	United States	English	195200000000.0	439000000.0
7055	tt5108870	Morbius	10	03	2022	104	United States	English	7583000000.0	1675000000.0
7056	tt5109280	Raya and the Last Dragon	05	03	2021	107	United States	English	100.0	1304000000.0
7057	tt5113044	Minions: The Rise of Gru	13	06	2022	87	United States	English	80100000000.0	9407000000.0
7068	tt5177120	The Ministry of Ungentlemanly Warfare	13	04	2024	120	United KingdomUnited States	English	60000000.0	217000000.0
7072	tt5198068	Wolfwalkers	12	09	2020	103	Ireland	English	10000000.0	1266570.0
7073	tt5198068	Wolfwalkers	12	09	2020	103	Luxembourg	English	10000000.0	1266570.0
7074	tt5198068	Wolfwalkers	12	09	2020	103	France	English	10000000.0	1266570.0
7088	tt5433138	F9: The Fast Saga	19	05	2021	143	United States	English	200225000000.0	7262000000.0
7089	tt5433140	Fast X	12	05	2023	141	United States	English	340000000.0	7146000000.0
7090	tt5439812	Zola	24	01	2020	90	United States	English	5000000.0	52000000.0
7099	tt5525650	The Goat Life	28	03	2024	173	IndiaUnited States	Malayalam	82.0	15815.0
7102	tt5537002	Killers of the Flower Moon	20	05	2023	206	United States	\N	200000000.0	157000000.0
7108	tt5562070	Wish Dragon	15	01	2021	98	United StatesChina	\N	25000000.0	259000000.0
7116	tt5616176	2 Hearts	16	10	2020	100	United States	English	15000000.0	13000000.0
7125	tt5656994	Project 'Gemini'	06	01	2022	98	Russia	\N	65000000.0	5000000.0
7126	tt5672290	The First Omen	05	04	2024	119	United States	English	30000000.0	533000000.0
7135	tt5715066	Mortal	28	02	2020	104	Norway	\N	61.0	126068.0
7136	tt5715066	Mortal	28	02	2020	104	United Kingdom	\N	61.0	126068.0
7137	tt5715066	Mortal	28	02	2020	104	United States	\N	61.0	126068.0
7138	tt5748448	Copshop	10	09	2021	107	United States	English	435000000.0	68000000.0
7142	tt5774060	Underwater	10	01	2020	95	United States	English	5065000000.0	409000000.0
7154	tt5834426	Moonfall	31	01	2022	130	United States	English	138146000000.0	673000000.0
7155	tt5834426	Moonfall	31	01	2022	130	Canada	English	138146000000.0	673000000.0
7156	tt5834426	Moonfall	31	01	2022	130	China	English	138146000000.0	673000000.0
7157	tt5834426	Moonfall	31	01	2022	130	United Kingdom	English	138146000000.0	673000000.0
7161	tt5867314	The Empty Man	22	10	2020	137	United States	English	16000000.0	48000000.0
7162	tt5867314	The Empty Man	22	10	2020	137	South Africa	English	16000000.0	48000000.0
7163	tt5867314	The Empty Man	22	10	2020	137	France	English	16000000.0	48000000.0
7164	tt5884796	Plane	13	01	2023	107	United States	English	25000000.0	745000000.0
7194	tt6166392	Wonka	24	10	2023	116	United Kingdom	English	125000000.0	6323000000.0
7195	tt6166392	Wonka	24	10	2023	116	United States	English	125000000.0	6323000000.0
7199	tt6217926	Annette	06	07	2021	140	France	English	155000000.0	31000000.0
7200	tt6217926	Annette	06	07	2021	140	Germany	English	155000000.0	31000000.0
7201	tt6217926	Annette	06	07	2021	140	Belgium	English	155000000.0	31000000.0
7202	tt6217926	Annette	06	07	2021	140	United States	English	155000000.0	31000000.0
7203	tt6217926	Annette	06	07	2021	140	Japan	English	155000000.0	31000000.0
7204	tt6217926	Annette	06	07	2021	140	Mexico	English	155000000.0	31000000.0
7205	tt6217926	Annette	06	07	2021	140	Switzerland	English	155000000.0	31000000.0
7207	tt6246322	Don't Breathe 2	14	08	2021	98	United States	English	15000000.0	538000000.0
7210	tt6264654	Free Guy	10	08	2021	115	United States	English	100125000000.0	3315000000.0
7220	tt6334354	The Suicide Squad	30	07	2021	132	United States	English	185000000.0	1687000000.0
7236	tt6435934	Last Journey of Paul W.R.	01	09	2020	87	France	French	32000000.0	868168.0
7239	tt6443346	Black Adam	03	10	2022	125	United States	English	190260000000.0	3935000000.0
7240	tt6455162	Bhool Bhulaiyaa 2	20	05	2022	145	India	Hindi	70.0	26688.0
7245	tt6467266	Sing 2	14	11	2021	110	United States	English	85000000.0	408000000.0
7247	tt6475714	Monster Hunter	03	12	2020	103	Germany	English	60000000.0	478000000.0
7248	tt6475714	Monster Hunter	03	12	2020	103	China	English	60000000.0	478000000.0
7249	tt6475714	Monster Hunter	03	12	2020	103	United States	English	60000000.0	478000000.0
7250	tt6475714	Monster Hunter	03	12	2020	103	Japan	English	60000000.0	478000000.0
7252	tt6528290	Knights of the Zodiac	28	04	2023	112	United States	English	60000000.0	7000000.0
7253	tt6528290	Knights of the Zodiac	28	04	2023	112	Japan	English	60000000.0	7000000.0
7260	tt6570098	Ainbo	13	02	2021	89	PeruNetherlandsGermany	\N	10000000.0	97000000.0
7265	tt6587640	Trolls World Tour	10	04	2020	91	United States	English	90110000000.0	48000000.0
7267	tt6598238	Life in a Year	27	11	2020	107	United States	English	10000000.0	43862.0
7274	tt6673612	Dolittle	17	01	2020	101	United States	English	1751924000000.0	2515000000.0
7280	tt6710474	Everything Everywhere All at Once	11	03	2022	139	United States	\N	14325000000.0	1434000000.0
7282	tt6718170	The Super Mario Bros. Movie	01	04	2023	92	United States	English	100000000.0	1362000000000.0
7285	tt6723592	Tenet	26	08	2020	150	United Kingdom	English	205000000.0	3659000000.0
7286	tt6723592	Tenet	26	08	2020	150	United States	English	205000000.0	3659000000.0
7291	tt6772802	Hillbilly Elegy	11	11	2020	115	United States	English	45000000.0	38852.0
7293	tt6791350	Guardians of the Galaxy Vol. 3	22	04	2023	150	United States	English	250000000.0	8456000000.0
7298	tt6823148	Benedetta	09	07	2021	132	France	French	198000000.0	43000000.0
7299	tt6823148	Benedetta	09	07	2021	132	Netherlands	French	198000000.0	43000000.0
7300	tt6823148	Benedetta	09	07	2021	132	Belgium	French	198000000.0	43000000.0
7304	tt6842770	Wild Mountain Thyme	11	12	2020	102	United States	English	55000000.0	13000000.0
7305	tt6842770	Wild Mountain Thyme	11	12	2020	102	United Kingdom	English	55000000.0	13000000.0
7306	tt6842770	Wild Mountain Thyme	11	12	2020	102	Ireland	English	55000000.0	13000000.0
7307	tt6852178	Benediction	12	09	2021	137	United Kingdom	\N	5000000.0	848834.0
7308	tt6852178	Benediction	12	09	2021	137	United States	\N	5000000.0	848834.0
7312	tt6878306	News of the World	25	12	2020	118	United States	\N	38000000.0	127000000.0
7313	tt6879446	Hidden Strike	06	07	2023	102	China	\N	80000000.0	917381.0
7314	tt6879446	Hidden Strike	06	07	2023	102	United States	\N	80000000.0	917381.0
7318	tt6902394	Where the Wind Blows	15	08	2022	144	Hong Kong	Cantonese	38000000.0	87000000.0
7326	tt6920084	Resident Evil: Welcome to Raccoon City	19	11	2021	107	United States	English	25000000.0	42000000.0
7327	tt6920084	Resident Evil: Welcome to Raccoon City	19	11	2021	107	Germany	English	25000000.0	42000000.0
7328	tt6920084	Resident Evil: Welcome to Raccoon City	19	11	2021	107	United Kingdom	English	25000000.0	42000000.0
7330	tt6932874	The Boss Baby 2: Family Business	02	07	2021	107	United States	English	82000000.0	1468000000.0
7331	tt6950476	Tejas	27	10	2023	112	India	Hindi	70.0	56.0
7349	tt7069210	The Conjuring: The Devil Made Me Do It	26	05	2021	112	United States	English	39000000.0	2064000000.0
7352	tt7093904	Dragonkeeper	01	03	2024	\N	SpainChina	\N	24000000.0	36000000.0
7353	tt7094488	Sandeep Aur Pinky Faraar	19	03	2021	126	India	Hindi	20.0	58125.0
7355	tt7097896	Venom: Let There Be Carnage	14	09	2021	97	United States	English	110000000.0	5069000000.0
7357	tt7106686	Forgotten Experiment	15	06	2023	105	Russia	\N	159000000.0	53000000.0
7359	tt7126948	Wonder Woman 1984	25	12	2020	151	United States	English	200000000.0	1696000000.0
7361	tt7130916	Dicks: The Musical	07	09	2023	86	United States	English	8000000.0	15000000.0
7364	tt7134096	The Rhythm Section	31	01	2020	109	United Kingdom	English	50000000.0	6000000.0
7365	tt7134096	The Rhythm Section	31	01	2020	109	United States	English	50000000.0	6000000.0
7367	tt7144666	The Black Phone	25	09	2021	103	United States	English	1618000000.0	1614000000.0
7368	tt7146812	Onward	21	02	2020	102	United States	English	175200000000.0	142000000.0
7379	tt7176054	Cosmoball	27	08	2020	118	Russia	\N	786000000.0	1066000000.0
7401	tt7286966	Money Plane	10	07	2020	82	United States	English	586443.0	618.0
7402	tt7294150	The Eight Hundred	21	08	2020	147	China	\N	80000000.0	4614000000.0
7408	tt7322224	Triangle of Sadness	21	05	2022	147	Sweden	English	156000000.0	329000000.0
7409	tt7322224	Triangle of Sadness	21	05	2022	147	Germany	English	156000000.0	329000000.0
7410	tt7322224	Triangle of Sadness	21	05	2022	147	France	English	156000000.0	329000000.0
7411	tt7322224	Triangle of Sadness	21	05	2022	147	United Kingdom	English	156000000.0	329000000.0
7420	tt7375466	Warriors of Future	15	08	2022	99	Hong Kong	Cantonese	56000000.0	1112000000.0
7427	tt7405458	A Man Called Otto	29	12	2022	126	United States	English	50000000.0	1132000000.0
7431	tt7435316	The Glorias	26	01	2020	147	United States	English	20000000.0	30940.0
7438	tt7466442	The Bob's Burgers Movie	17	05	2022	102	United States	English	38000000.0	342000000.0
7447	tt7524444	The House Next Door: Meet the Blacks 2	11	06	2021	97	United States	English	35000000.0	29000000.0
7452	tt7545266	Like a Boss	07	01	2020	83	United States	English	29000000.0	304000000.0
7457	tt7587604	Dynasty Warriors	29	04	2021	118	Hong KongChina	\N	300000000.0	331000000.0
7459	tt7599146	Sound of Freedom	04	07	2023	131	United States	\N	145000000.0	2506000000.0
7460	tt7601480	Major Grom: Plague Doctor	01	04	2021	137	Russia	\N	640000000.0	3171000000.0
7463	tt7628504	Megan	07	12	2022	102	United States	English	12000000.0	181000000.0
7464	tt7638348	Boss Level	11	02	2020	100	United States	English	45000000.0	2000000.0
7478	tt7737786	Greenland	18	12	2020	119	United States	English	35000000.0	523000000.0
7485	tt7772582	Never Rarely Sometimes Always	24	01	2020	101	United StatesUnited Kingdom	English	5000000.0	891527.0
7514	tt7922238	Piety	03	07	2022	80	SpainArgentina	\N	934000.0	18600.0
7518	tt7937254	Silk Road	19	02	2021	112	United States	English	599000000.0	138565.0
7523	tt7947604	In from the Side	16	09	2022	134	United Kingdom	English	60000.0	52885.0
7527	tt7972012	OSS 117: From Africa with Love	21	07	2021	117	France	French	1835000000.0	134000000.0
7536	tt7985704	Operation Fortune: Ruse de Guerre	04	01	2023	114	United States	English	50000000.0	49000000.0
7537	tt7985704	Operation Fortune: Ruse de Guerre	04	01	2023	114	United Kingdom	English	50000000.0	49000000.0
7541	tt8004664	Come Play	30	10	2020	96	United States	English	9000000.0	132000000.0
7543	tt8006374	Baba Yaga: Terror of the Dark Forest	27	02	2020	97	Russia	Russian	0.0	5000000.0
7551	tt8041270	Jurassic World Dominion	23	05	2022	146	United States	English	265000000.0	1004000000000.0
7556	tt8045906	Words on Bathroom Walls	21	08	2020	111	United States	English	93000000.0	31000000.0
7558	tt8049994	Little Eggs: An African Rescue	12	08	2021	89	Mexico	Spanish	115000000.0	452000000.0
7563	tt8093700	The Woman King	09	09	2022	135	United States	English	50000000.0	976000000.0
7564	tt8097030	Turning Red	01	03	2022	100	United States	English	175000000.0	215000000.0
7569	tt8110232	The Many Saints of Newark	22	09	2021	120	United States	English	50000000.0	131000000.0
7573	tt8110900	Running the Bases	16	09	2022	127	United States	English	33000000.0	15000000.0
7574	tt8114980	Willy's Wonderland	12	02	2021	88	United States	English	5000000.0	457144.0
7575	tt8115900	The Bad Guys	22	04	2022	100	United States	English	6980000000.0	2504000000.0
7579	tt8129806	To Leslie	12	03	2022	119	United States	English	1000000.0	400845.0
7592	tt8178634	RRR	25	03	2022	182	India	Telugu	550.0	138726.0
7606	tt8242084	My Spy	09	01	2020	99	United States	English	18000000.0	105000000.0
7612	tt8277246	His Only Son	31	03	2023	101	United States	English	250000.0	138000000.0
7623	tt8310486	Miller's Girl	11	01	2024	93	United States	English	4000000.0	889522.0
7629	tt8332922	A Quiet Place Part II	08	03	2020	97	United States	\N	5561000000.0	2974000000.0
7632	tt8338076	Queen Bees	11	06	2021	100	United States	English	5000000.0	23000000.0
7636	tt8354218	Fireheart	02	02	2022	92	Canada	English	40000000.0	58000000.0
7637	tt8354218	Fireheart	02	02	2022	92	France	English	40000000.0	58000000.0
7639	tt8356942	The 355	07	01	2022	123	United States	English	4075000000.0	278000000.0
7640	tt8366590	Baaghi 3	06	03	2020	143	India	Hindi	80.0	13705.0
7646	tt8368408	Gunpowder Milkshake	14	07	2021	114	United States	English	30000000.0	1000000.0
7647	tt8368408	Gunpowder Milkshake	14	07	2021	114	Germany	English	30000000.0	1000000.0
7648	tt8368408	Gunpowder Milkshake	14	07	2021	114	France	English	30000000.0	1000000.0
7653	tt8376234	Peter Rabbit 2: The Runaway	25	03	2021	93	Australia	English	45000000.0	154000000.0
7654	tt8376234	Peter Rabbit 2: The Runaway	25	03	2021	93	United Kingdom	English	45000000.0	154000000.0
7655	tt8376234	Peter Rabbit 2: The Runaway	25	03	2021	93	United States	English	45000000.0	154000000.0
7656	tt8385148	Hitman's Wife's Bodyguard	16	06	2021	100	United States	English	70000000.0	701000000.0
7668	tt8426926	Shamshera	22	07	2022	159	India	Hindi	150.0	6358.0
7670	tt8430054	Flee	28	01	2021	90	Denmark	\N	34000000.0	2000000.0
7671	tt8430054	Flee	28	01	2021	90	France	\N	34000000.0	2000000.0
7672	tt8430054	Flee	28	01	2021	90	Norway	\N	34000000.0	2000000.0
7673	tt8430054	Flee	28	01	2021	90	Sweden	\N	34000000.0	2000000.0
7674	tt8430054	Flee	28	01	2021	90	United Kingdom	\N	34000000.0	2000000.0
7675	tt8430054	Flee	28	01	2021	90	United States	\N	34000000.0	2000000.0
7683	tt8456190	Seal Team	13	10	2021	100	South Africa	\N	23.0	905428.0
7684	tt8461224	The Tax Collector	30	07	2020	95	United States	English	4000000.0	13000000.0
7703	tt8521778	Bob Marley: One Love	23	01	2024	107	United States	\N	70000000.0	1772000000.0
7714	tt8589698	Teenage Mutant Ninja Turtles: Mutant Mayhem	12	06	2023	99	United States	English	70000000.0	1805000000.0
7740	tt8633464	After Yang	08	07	2021	96	United States	English	920000000.0	729254.0
7768	tt8760708	M3GAN	07	12	2022	102	United States	English	12000000.0	181000000.0
7779	tt8825186	Unsubscribe	10	06	2020	29	United States	\N	0.0	25488.0
7783	tt8847712	The French Dispatch	12	07	2021	108	United States	\N	25000000.0	463000000.0
7784	tt8850222	Peninsula	15	07	2020	116	South Korea	\N	16000000.0	427000000.0
7789	tt8883486	Medieval	08	09	2022	125	Czech Republic	English	500.0	44.0
7803	tt8912936	DC League of Super-Pets	27	07	2022	105	United States	English	90000000.0	2076000000.0
7805	tt8933086	Spencer	03	09	2021	117	United Kingdom	English	18000000.0	252000000.0
7806	tt8933086	Spencer	03	09	2021	117	United States	English	18000000.0	252000000.0
7807	tt8933086	Spencer	03	09	2021	117	Germany	English	18000000.0	252000000.0
7808	tt8933086	Spencer	03	09	2021	117	Chile	English	18000000.0	252000000.0
7826	tt8983166	Panga	24	01	2020	131	India	Hindi	49.0	4171.0
7837	tt9003448	Wish	08	11	2023	95	United States	English	175200000000.0	255000000.0
7838	tt9006564	2018	05	05	2023	148	India	Malayalam	26.0	176.0
7848	tt9032400	Eternals	18	10	2021	156	United States	English	2362000000.0	4021000000.0
7852	tt9047564	Girls Got Game	01	09	2021	90	Russia	Russian	923000000.0	12000000.0
7858	tt9054192	Queenpins	10	09	2021	110	United States	English	67000000.0	12000000.0
7863	tt9059704	An American Pickle	06	08	2020	89	United States	English	20.0	499649.0
7876	tt9086228	Gretel & Hansel	31	01	2020	87	Canada	English	5000000.0	221000000.0
7877	tt9086228	Gretel & Hansel	31	01	2020	87	United States	English	5000000.0	221000000.0
7878	tt9086228	Gretel & Hansel	31	01	2020	87	Ireland	English	5000000.0	221000000.0
7879	tt9098454	The Girl Who Believes in Miracles	02	04	2021	100	United States	English	3000000.0	32000000.0
7883	tt9100054	The Lost Daughter	03	09	2021	121	Greece	English	5000000.0	622635.0
7884	tt9100054	The Lost Daughter	03	09	2021	121	United States	English	5000000.0	622635.0
7892	tt9114286	Black Panther: Wakanda Forever	26	10	2022	161	United States	English	200250000000.0	8592000000.0
7908	tt9173418	Brahms: The Boy II	21	02	2020	86	United States	English	10000000.0	203000000.0
7910	tt9176086	Saina	26	03	2021	135	India	Hindi	26.0	15.0
7916	tt9198364	Three Thousand Years of Longing	20	05	2022	108	United States	English	60000000.0	203000000.0
7917	tt9198364	Three Thousand Years of Longing	20	05	2022	108	Australia	English	60000000.0	203000000.0
7922	tt9208444	Impractical Jokers: The Movie	21	02	2020	93	United States	English	3000000.0	107000000.0
7924	tt9214772	Monkey Man	11	03	2024	121	Canada	English	10000000.0	342000000.0
7925	tt9214772	Monkey Man	11	03	2024	121	United States	English	10000000.0	342000000.0
7926	tt9214832	Emma.	14	02	2020	124	United Kingdom	English	10000000.0	274000000.0
7927	tt9214832	Emma.	14	02	2020	124	United States	English	10000000.0	274000000.0
7931	tt9224104	Meg 2: The Trench	09	06	2023	116	China	English	129139000000.0	3977000000.0
7932	tt9224104	Meg 2: The Trench	09	06	2023	116	United States	English	129139000000.0	3977000000.0
7933	tt9224288	Mainstream	05	09	2020	94	United States	English	5000000.0	40209.0
7934	tt9243804	The Green Knight	30	07	2021	130	United States	English	15000000.0	189000000.0
7935	tt9243804	The Green Knight	30	07	2021	130	Canada	English	15000000.0	189000000.0
7941	tt9248952	Jawaani Jaaneman	31	01	2020	115	India	Hindi	3040.0	4477.0
7942	tt9252488	The Secrets We Keep	16	09	2020	97	United States	English	72000000.0	597576.0
7954	tt9288692	Werewolves Within	16	06	2021	97	United States	English	65000000.0	991898.0
7955	tt9288726	Mama Weed	16	01	2020	106	France	French	58000000.0	55000000.0
7960	tt9308382	The High Note	29	05	2020	113	United States	English	20000000.0	25000000.0
7961	tt9308390	Margrete: Queen of the North	16	09	2021	120	Denmark	\N	73.0	252152.0
7983	tt9340860	Let Him Go	06	11	2020	114	United States	English	21000000.0	108000000.0
7996	tt9357050	Dear Evan Hansen	09	09	2021	137	United States	English	2728000000.0	191000000.0
7998	tt9362492	Restore Point	03	07	2023	111	Czech RepublicSlovakiaPolandSerbia	Czech	5.0	9611429.0
7999	tt9362722	Spider-Man: Across the Spider-Verse	30	05	2023	140	United States	English	100150000000.0	6909000000.0
8000	tt9362930	Blue Beetle	14	08	2023	127	United States	\N	104125000000.0	1308000000.0
8011	tt9376612	Shang-Chi and the Legend of the Ten Rings	16	08	2021	132	United States	English	150200000000.0	4322000000.0
8021	tt9387250	Skylines	25	10	2020	110	United States	English	8000000.0	170581.0
8022	tt9389998	Pushpa: The Rise - Part 1	17	12	2021	179	India	Telugu	200250.0	360373.0
8025	tt9392248	The Best Years	13	02	2020	129	Italy	Italian	8000000.0	7000000.0
8029	tt9411972	Where the Crawdads Sing	11	07	2022	125	United States	English	24000000.0	1443000000.0
8031	tt9419884	Doctor Strange in the Multiverse of Madness	02	05	2022	126	United States	English	3506000000.0	9558000000.0
8037	tt9441638	The Big Ugly	24	07	2020	106	United States	English	6000000.0	515399.0
8052	tt9471930	Havel	16	07	2020	105	Czech Republic	Czech	0.0	1000000.0
8064	tt9537292	Ala Vaikunthapurramuloo	12	01	2020	165	India	Telugu	100.0	262280.0
8073	tt9568486	Mine de rien	16	01	2020	85	France	French	25000000.0	865000.0
8085	tt9592496	Pogaru	19	02	2021	160	India	Kannada	2531.0	45.0
8086	tt9597838	Shock Wave 2	24	12	2020	120	China	Cantonese	40000000.0	2264000000.0
8091	tt9603212	Mission: Impossible - Dead Reckoning Part One	19	06	2023	163	United States	English	291000000.0	5675000000.0
8101	tt9620288	King Richard	02	09	2021	145	United States	English	50000000.0	394000000.0
8102	tt9620292	Promising Young Woman	25	01	2020	114	United StatesUnited Kingdom	English	10000000.0	203000000.0
8103	tt9623736	Butterfly on the Windowpane	\N	10	2020	\N	Nepal	Nepali	25.0	32.0
8110	tt9639470	Last Night in Soho	04	09	2021	116	United KingdomUnited States	English	43000000.0	23000000.0
8119	tt9663764	Aquaman and the Lost Kingdom	19	12	2023	124	United States	English	205215000000.0	4344000000.0
8121	tt9664108	Voyagers	09	04	2021	108	United States	English	29000000.0	42000000.0
8122	tt9664108	Voyagers	09	04	2021	108	United Kingdom	English	29000000.0	42000000.0
8123	tt9664108	Voyagers	09	04	2021	108	Czech Republic	English	29000000.0	42000000.0
8124	tt9664108	Voyagers	09	04	2021	108	Romania	English	29000000.0	42000000.0
8133	tt9682428	Night Swim	05	01	2024	98	United States	English	15000000.0	541000000.0
8137	tt9686708	The King of Staten Island	12	06	2020	137	United States	English	35000000.0	22000000.0
8138	tt9688874	Tiger Nageswara Rao	20	10	2023	182	India	Telugu	35.0	48.0
8169	tt9731598	Bros	09	09	2022	115	United States	English	22000000.0	148000000.0
8175	tt9735462	Aline	13	07	2021	128	FranceCanada	\N	236.0	111000000.0
8194	tt9770150	Nomadland	11	09	2020	108	United States	English	5000000.0	395000000.0
8197	tt9777666	The Tomorrow War	02	07	2021	138	United States	English	200000000.0	192000000.0
8198	tt9779516	I Still Believe	07	03	2020	116	United States	English	12000000.0	164000000.0
8203	tt9784798	Judas and the Black Messiah	01	02	2021	126	United States	English	26000000.0	74000000.0
8204	tt9784798	Judas and the Black Messiah	01	02	2021	126	Canada	English	26000000.0	74000000.0
8209	tt9806468	It Snows in Benidorm	24	10	2020	\N	Spain	\N	2000000.0	26609.0
8219	tt9844522	Escape Room: Tournament of Champions	01	07	2021	88	United States	English	15000000.0	658000000.0
8227	tt9848626	Hotel Transylvania 4: Transformania	14	01	2022	87	United States	English	75000000.0	185000000.0
8232	tt9851854	Major	24	05	2022	146	India	\N	32.0	6466.0
8252	tt9877170	Malang	07	02	2020	135	India	Hindi	32.0	85.0
